end_to_end_env_steps_per_second,end_to_end_individual_action_chunks_per_second,env_name,episodes_requested,episodes_returned,estimated_individual_action_chunks,log_path,mean_episode_length,mean_episode_reward,model,policy_rpc_count,policy_rpc_deadline_miss_count,policy_rpc_deadline_miss_rate,policy_rpc_deadline_ms,policy_rpc_max_ms,policy_rpc_mean_ms,policy_rpc_median_ms,policy_rpc_p95_ms,policy_rpc_p99_ms,raw_printed_success_rate,raw_video_count,raw_video_dir,reference_source,returncode,rollout_wall_seconds,rollout_wall_seconds_per_episode,selected_video_count,success_count,success_rate,task_index,task_name,total_episode_steps
5.165036126447898,0.6634154528805324,libero_sim/pick_up_the_alphabet_soup_and_place_it_in_the_basket,20,20,373,,145.2,1.0,baseline,94,94,1.0,400.0,1066.8076270012534,519.6705120107505,513.512912501028,535.8900172997892,582.4839158813085,1.0,20,,/kaggle/input/datasets/nguyenminhduc9966/gr00t-n1-7-baseline-reference-p25-3k/baseline_per_task.csv,0,562.2419531840023,28.112097659200117,0,20,1.0,0,alphabet_soup,2904
6.12559451984284,0.7858847099271131,libero_sim/pick_up_the_cream_cheese_and_place_it_in_the_basket,20,20,365,,142.25,1.0,baseline,77,77,1.0,400.0,565.6112879987631,532.6097781169713,534.2998039996019,550.6994378003583,554.8748280388826,1.0,20,,/kaggle/input/datasets/nguyenminhduc9966/gr00t-n1-7-baseline-reference-p25-3k/baseline_per_task.csv,0,464.44471484099995,23.222235742049996,0,20,1.0,1,cream_cheese,2845
6.097711672676849,0.7778973738805857,libero_sim/pick_up_the_salad_dressing_and_place_it_in_the_basket,20,20,310,,121.5,1.0,baseline,63,63,1.0,400.0,552.0565590013575,532.7770525559212,535.5837370007066,548.4304912995867,551.2149009415589,1.0,20,,/kaggle/input/datasets/nguyenminhduc9966/gr00t-n1-7-baseline-reference-p25-3k/baseline_per_task.csv,0,398.5101510929999,19.925507554649993,0,20,1.0,2,salad_dressing,2430
5.805522667827591,0.7364052243083321,libero_sim/pick_up_the_bbq_sauce_and_place_it_in_the_basket,20,20,378,,149.0,1.0,baseline,88,88,1.0,400.0,552.7884250004718,531.1161135909556,530.8566184994561,550.0115416503832,552.2290933009572,1.0,20,,/kaggle/input/datasets/nguyenminhduc9966/gr00t-n1-7-baseline-reference-p25-3k/baseline_per_task.csv,0,513.3043432099985,25.665217160499925,0,20,1.0,3,bbq_sauce,2980
6.446768000448246,0.82160113546625,libero_sim/pick_up_the_ketchup_and_place_it_in_the_basket,20,20,352,,138.1,1.0,baseline,73,73,1.0,400.0,552.307034999103,531.8967553562475,530.6584139980259,550.1355895998131,551.4758799590345,1.0,20,,/kaggle/input/datasets/nguyenminhduc9966/gr00t-n1-7-baseline-reference-p25-3k/baseline_per_task.csv,0,428.4317350659985,21.421586753299927,0,20,1.0,4,ketchup,2762
6.146637498832393,0.794007998347106,libero_sim/pick_up_the_tomato_sauce_and_place_it_in_the_basket,20,20,344,,133.15,1.0,baseline,70,70,1.0,400.0,557.6584689988522,533.9151863285224,534.4571510013338,549.5050003009965,556.3424747800673,1.0,20,,/kaggle/input/datasets/nguyenminhduc9966/gr00t-n1-7-baseline-reference-p25-3k/baseline_per_task.csv,0,433.2450059900002,21.66225029950001,0,20,1.0,5,tomato_sauce,2663
5.961073010501746,0.7574754735038873,libero_sim/pick_up_the_butter_and_place_it_in_the_basket,20,20,468,,184.15,0.95,baseline,106,106,1.0,400.0,553.076403997693,532.3979254057087,532.0690239987016,550.7913009978438,552.8692696478174,0.95,20,,/kaggle/input/datasets/nguyenminhduc9966/gr00t-n1-7-baseline-reference-p25-3k/baseline_per_task.csv,0,617.8417867909993,30.892089339549965,0,19,0.95,6,butter,3683
5.961742029918358,0.763466763365699,libero_sim/pick_up_the_milk_and_place_it_in_the_basket,20,20,319,,124.55,1.0,baseline,67,67,1.0,400.0,552.6958810005453,531.1361919100194,529.6063169989793,547.9686204016616,550.8515360795718,1.0,20,,/kaggle/input/datasets/nguyenminhduc9966/gr00t-n1-7-baseline-reference-p25-3k/baseline_per_task.csv,0,417.8308936379981,20.891544681899905,0,20,1.0,7,milk,2491
6.551696098049145,0.8328907406283289,libero_sim/pick_up_the_chocolate_pudding_and_place_it_in_the_basket,20,20,441,,173.45,0.95,baseline,93,93,1.0,400.0,573.3426660008263,533.192240881783,531.0440549983468,551.2516526010586,555.9857270419889,0.95,20,,/kaggle/input/datasets/nguyenminhduc9966/gr00t-n1-7-baseline-reference-p25-3k/baseline_per_task.csv,0,529.4812134269996,26.47406067134998,0,19,0.95,8,chocolate_pudding,3469
6.018837517928018,0.7720240933943618,libero_sim/pick_up_the_orange_juice_and_place_it_in_the_basket,20,20,314,,122.4,1.0,baseline,66,66,1.0,400.0,562.3538459985866,533.3841490907864,534.6588119991793,550.5905550016905,559.2037171987613,1.0,20,,/kaggle/input/datasets/nguyenminhduc9966/gr00t-n1-7-baseline-reference-p25-3k/baseline_per_task.csv,0,406.7230578509989,20.336152892549944,0,20,1.0,9,orange_juice,2448
6.176949118609383,0.7873473560076135,libero_sim/pick_up_the_alphabet_soup_and_place_it_in_the_basket,20,20,433,/tmp/gr00t_p37_eval/logs/success_rate/cka_task_00_pick_up_the_alphabet_soup_and_place_it_in_the_basket.log,169.85,1.0,cka,94,94,1.0,400.0,971.66312400077,444.013612882624,438.11339500098256,460.071063749092,504.07407095982876,1.0,20,/tmp/gr00t_p37_eval/rollouts/videos/cka/00_pick_up_the_alphabet_soup_and_place_it_in_the_basket,,0,549.947868239,27.497393411949997,3,20,1.0,0,alphabet_soup,3397
5.332307077396251,0.6793698901547902,libero_sim/pick_up_the_cream_cheese_and_place_it_in_the_basket,20,20,364,/tmp/gr00t_p37_eval/logs/success_rate/cka_task_01_pick_up_the_cream_cheese_and_place_it_in_the_basket.log,142.85,1.0,cka,93,93,1.0,400.0,480.22346400102833,447.0277615053869,447.1979439986171,465.05328939820174,468.2014228803746,1.0,20,/tmp/gr00t_p37_eval/rollouts/videos/cka/01_pick_up_the_cream_cheese_and_place_it_in_the_basket,,0,535.7905984280005,26.789529921400025,3,20,1.0,1,cream_cheese,2857
5.391609078422236,0.6915133793579008,libero_sim/pick_up_the_salad_dressing_and_place_it_in_the_basket,20,20,315,/tmp/gr00t_p37_eval/logs/success_rate/cka_task_02_pick_up_the_salad_dressing_and_place_it_in_the_basket.log,122.8,1.0,cka,76,76,1.0,400.0,471.08059899983346,446.07747556591147,444.05811300021014,463.6224872501771,467.66193175153603,1.0,20,/tmp/gr00t_p37_eval/rollouts/videos/cka/02_pick_up_the_salad_dressing_and_place_it_in_the_basket,,0,455.52263976799804,22.776131988399904,3,20,1.0,2,salad_dressing,2456
6.254095188815463,0.7987057210124449,libero_sim/pick_up_the_bbq_sauce_and_place_it_in_the_basket,20,20,383,/tmp/gr00t_p37_eval/logs/success_rate/cka_task_03_pick_up_the_bbq_sauce_and_place_it_in_the_basket.log,149.95,1.0,cka,84,84,1.0,400.0,480.19890599971404,449.2001249882378,449.83851550023246,465.00795549854956,475.7437108512022,1.0,20,/tmp/gr00t_p37_eval/rollouts/videos/cka/03_pick_up_the_bbq_sauce_and_place_it_in_the_basket,,0,479.5258002090013,23.976290010450064,3,20,1.0,3,bbq_sauce,2999
6.506856025623308,0.8342123109773472,libero_sim/pick_up_the_ketchup_and_place_it_in_the_basket,20,20,360,/tmp/gr00t_p37_eval/logs/success_rate/cka_task_04_pick_up_the_ketchup_and_place_it_in_the_basket.log,140.4,1.0,cka,74,74,1.0,400.0,479.5789469972078,449.3131286754588,450.0306764984998,464.1784149000159,472.7375468688478,1.0,20,/tmp/gr00t_p37_eval/rollouts/videos/cka/04_pick_up_the_ketchup_and_place_it_in_the_basket,,0,431.54481810299694,21.577240905149846,3,20,1.0,4,ketchup,2808
4.953806578679802,0.6309269905574805,libero_sim/pick_up_the_tomato_sauce_and_place_it_in_the_basket,20,20,337,/tmp/gr00t_p37_eval/logs/success_rate/cka_task_05_pick_up_the_tomato_sauce_and_place_it_in_the_basket.log,132.3,1.0,cka,87,87,1.0,400.0,469.38119100013864,446.5733855633579,445.40907599730417,462.3658288997831,464.5151312600501,1.0,20,/tmp/gr00t_p37_eval/rollouts/videos/cka/05_pick_up_the_tomato_sauce_and_place_it_in_the_basket,,0,534.1347018649976,26.706735093249883,3,20,1.0,5,tomato_sauce,2646
6.428324980395338,0.820997397101182,libero_sim/pick_up_the_butter_and_place_it_in_the_basket,20,20,388,/tmp/gr00t_p37_eval/logs/success_rate/cka_task_06_pick_up_the_butter_and_place_it_in_the_basket.log,151.9,1.0,cka,80,80,1.0,400.0,471.06961800091085,448.26013271244847,447.6293075003923,465.3841547495176,469.2872176317178,1.0,20,/tmp/gr00t_p37_eval/rollouts/videos/cka/06_pick_up_the_butter_and_place_it_in_the_basket,,0,472.595895395003,23.629794769750152,3,20,1.0,6,butter,3038
5.989124205904638,0.7600056407648547,libero_sim/pick_up_the_milk_and_place_it_in_the_basket,20,20,326,/tmp/gr00t_p37_eval/logs/success_rate/cka_task_07_pick_up_the_milk_and_place_it_in_the_basket.log,128.45,1.0,cka,71,71,1.0,400.0,474.27264699945226,446.94871863402125,448.9846120013681,464.3359449983109,468.1327972011786,1.0,20,/tmp/gr00t_p37_eval/rollouts/videos/cka/07_pick_up_the_milk_and_place_it_in_the_basket,,0,428.94418477199724,21.44720923859986,3,20,1.0,7,milk,2569
6.656094849529755,0.8441785087564454,libero_sim/pick_up_the_chocolate_pudding_and_place_it_in_the_basket,20,20,451,/tmp/gr00t_p37_eval/logs/success_rate/cka_task_08_pick_up_the_chocolate_pudding_and_place_it_in_the_basket.log,177.8,0.95,cka,95,95,1.0,400.0,473.37696999966283,447.5629635576441,447.0711149988347,462.1765677999065,464.71143805873,0.95,20,/tmp/gr00t_p37_eval/rollouts/videos/cka/08_pick_up_the_chocolate_pudding_and_place_it_in_the_basket,,0,534.2471945469988,26.71235972734994,3,19,0.95,8,chocolate_pudding,3556
6.255865481734557,0.801295453081111,libero_sim/pick_up_the_orange_juice_and_place_it_in_the_basket,20,20,306,/tmp/gr00t_p37_eval/logs/success_rate/cka_task_09_pick_up_the_orange_juice_and_place_it_in_the_basket.log,119.45,1.0,cka,64,64,1.0,400.0,470.57468900311505,446.260249390491,446.3390625005559,461.47833865088614,465.48066587070934,1.0,20,/tmp/gr00t_p37_eval/rollouts/videos/cka/09_pick_up_the_orange_juice_and_place_it_in_the_basket,,0,381.88161286000104,19.09408064300005,3,20,1.0,9,orange_juice,2389
