model,outcome,relative_path,size_bytes,task_directory
baseline,success,baseline/00_pick_up_the_alphabet_soup_and_place_it_in_the_basket/03fc19d3-3bda-4c3a-a158-83b8c974ac3c_s1.mp4,370902,00_pick_up_the_alphabet_soup_and_place_it_in_the_basket
baseline,success,baseline/00_pick_up_the_alphabet_soup_and_place_it_in_the_basket/0573598d-ff92-4930-b37a-a752c0f1ee5b_s1.mp4,321123,00_pick_up_the_alphabet_soup_and_place_it_in_the_basket
baseline,success,baseline/00_pick_up_the_alphabet_soup_and_place_it_in_the_basket/0a90add7-c724-46c1-adda-b200d940944c_s1.mp4,299872,00_pick_up_the_alphabet_soup_and_place_it_in_the_basket
baseline,success,baseline/00_pick_up_the_alphabet_soup_and_place_it_in_the_basket/0f64dfc1-cbcf-4b4f-aeee-1d82d5e05e8b_s1.mp4,289335,00_pick_up_the_alphabet_soup_and_place_it_in_the_basket
baseline,success,baseline/00_pick_up_the_alphabet_soup_and_place_it_in_the_basket/0f98dbd7-e3f4-4e9e-adf6-b585a9a308ad_s1.mp4,316492,00_pick_up_the_alphabet_soup_and_place_it_in_the_basket
baseline,success,baseline/00_pick_up_the_alphabet_soup_and_place_it_in_the_basket/13ae68a3-16fb-482e-8181-1aec9310907c_s1.mp4,305916,00_pick_up_the_alphabet_soup_and_place_it_in_the_basket
baseline,success,baseline/00_pick_up_the_alphabet_soup_and_place_it_in_the_basket/48620f2a-57f0-454d-9e23-a5f7a01cbad6_s1.mp4,347712,00_pick_up_the_alphabet_soup_and_place_it_in_the_basket
baseline,success,baseline/00_pick_up_the_alphabet_soup_and_place_it_in_the_basket/5aba7a7d-92d7-49d5-a10b-2ba53634fb7d_s1.mp4,381351,00_pick_up_the_alphabet_soup_and_place_it_in_the_basket
baseline,success,baseline/00_pick_up_the_alphabet_soup_and_place_it_in_the_basket/5f9cb7c1-0dd8-4773-849c-80ffd9ddf6ce_s1.mp4,296732,00_pick_up_the_alphabet_soup_and_place_it_in_the_basket
baseline,success,baseline/00_pick_up_the_alphabet_soup_and_place_it_in_the_basket/69f8461f-c177-4eee-be83-062f202ae7ce_s1.mp4,349113,00_pick_up_the_alphabet_soup_and_place_it_in_the_basket
baseline,success,baseline/00_pick_up_the_alphabet_soup_and_place_it_in_the_basket/75f812d7-e3ee-4a03-b046-aa81b71ae55e_s1.mp4,311930,00_pick_up_the_alphabet_soup_and_place_it_in_the_basket
baseline,success,baseline/00_pick_up_the_alphabet_soup_and_place_it_in_the_basket/7e50120c-5cd2-49eb-a13a-7e8d15f0ed86_s1.mp4,305944,00_pick_up_the_alphabet_soup_and_place_it_in_the_basket
baseline,success,baseline/00_pick_up_the_alphabet_soup_and_place_it_in_the_basket/80299078-9424-4a9f-b545-b144e8f35a84_s1.mp4,293874,00_pick_up_the_alphabet_soup_and_place_it_in_the_basket
baseline,success,baseline/00_pick_up_the_alphabet_soup_and_place_it_in_the_basket/868d5ce7-1bcc-40b2-b663-983ccda0590c_s1.mp4,306165,00_pick_up_the_alphabet_soup_and_place_it_in_the_basket
baseline,success,baseline/00_pick_up_the_alphabet_soup_and_place_it_in_the_basket/9b763b89-2431-4f49-a65e-7b271d6bf766_s1.mp4,299747,00_pick_up_the_alphabet_soup_and_place_it_in_the_basket
baseline,success,baseline/00_pick_up_the_alphabet_soup_and_place_it_in_the_basket/a7f19584-5bab-43e6-a169-1f16c2644f06_s1.mp4,283252,00_pick_up_the_alphabet_soup_and_place_it_in_the_basket
baseline,success,baseline/00_pick_up_the_alphabet_soup_and_place_it_in_the_basket/b2e04d68-7ebe-4f4d-9dc3-aa71a90662d4_s1.mp4,305171,00_pick_up_the_alphabet_soup_and_place_it_in_the_basket
baseline,success,baseline/00_pick_up_the_alphabet_soup_and_place_it_in_the_basket/c1db01bc-d766-4c90-be25-aef85cad5f1b_s1.mp4,302613,00_pick_up_the_alphabet_soup_and_place_it_in_the_basket
baseline,success,baseline/00_pick_up_the_alphabet_soup_and_place_it_in_the_basket/da339b10-d3fe-45f4-8d9e-55fdccd83443_s1.mp4,327887,00_pick_up_the_alphabet_soup_and_place_it_in_the_basket
baseline,success,baseline/00_pick_up_the_alphabet_soup_and_place_it_in_the_basket/f982a165-c1bb-430c-b1fd-bf236648feab_s1.mp4,326859,00_pick_up_the_alphabet_soup_and_place_it_in_the_basket
baseline,success,baseline/01_pick_up_the_cream_cheese_and_place_it_in_the_basket/0e899337-1a2a-4903-9ace-2071fdad2dca_s1.mp4,319847,01_pick_up_the_cream_cheese_and_place_it_in_the_basket
baseline,success,baseline/01_pick_up_the_cream_cheese_and_place_it_in_the_basket/0f9bc82a-699a-40db-bf9d-7d916b2bf80f_s1.mp4,283032,01_pick_up_the_cream_cheese_and_place_it_in_the_basket
baseline,success,baseline/01_pick_up_the_cream_cheese_and_place_it_in_the_basket/129652dc-a986-45ad-a46d-210f8c838b95_s1.mp4,370991,01_pick_up_the_cream_cheese_and_place_it_in_the_basket
baseline,success,baseline/01_pick_up_the_cream_cheese_and_place_it_in_the_basket/1b210f6d-6dae-4033-a731-8e93709ee534_s1.mp4,298067,01_pick_up_the_cream_cheese_and_place_it_in_the_basket
baseline,success,baseline/01_pick_up_the_cream_cheese_and_place_it_in_the_basket/1c1f42b7-6536-4259-9c17-1736abca61e2_s1.mp4,284842,01_pick_up_the_cream_cheese_and_place_it_in_the_basket
baseline,success,baseline/01_pick_up_the_cream_cheese_and_place_it_in_the_basket/2daf4525-5b1b-44d6-8a31-968b63cfdf1a_s1.mp4,305095,01_pick_up_the_cream_cheese_and_place_it_in_the_basket
baseline,success,baseline/01_pick_up_the_cream_cheese_and_place_it_in_the_basket/2f7aa2bb-6c37-4a95-b47e-5da2f7593f90_s1.mp4,325845,01_pick_up_the_cream_cheese_and_place_it_in_the_basket
baseline,success,baseline/01_pick_up_the_cream_cheese_and_place_it_in_the_basket/48519d74-7387-426f-b11b-6b4f2ce096b2_s1.mp4,336584,01_pick_up_the_cream_cheese_and_place_it_in_the_basket
baseline,success,baseline/01_pick_up_the_cream_cheese_and_place_it_in_the_basket/58cc8177-53af-4553-a2c5-68848cd4e868_s1.mp4,333926,01_pick_up_the_cream_cheese_and_place_it_in_the_basket
baseline,success,baseline/01_pick_up_the_cream_cheese_and_place_it_in_the_basket/62f33f1a-8257-4a73-ab0b-0ed690c9ae1f_s1.mp4,316048,01_pick_up_the_cream_cheese_and_place_it_in_the_basket
baseline,success,baseline/01_pick_up_the_cream_cheese_and_place_it_in_the_basket/68b5f57a-d6d1-482e-bbe4-e2b204323233_s1.mp4,331157,01_pick_up_the_cream_cheese_and_place_it_in_the_basket
baseline,success,baseline/01_pick_up_the_cream_cheese_and_place_it_in_the_basket/7ea34cd4-27fe-4127-b690-af5f0e843f38_s1.mp4,288789,01_pick_up_the_cream_cheese_and_place_it_in_the_basket
baseline,success,baseline/01_pick_up_the_cream_cheese_and_place_it_in_the_basket/8c62b989-1756-4f48-9630-104afe769ebc_s1.mp4,344611,01_pick_up_the_cream_cheese_and_place_it_in_the_basket
baseline,success,baseline/01_pick_up_the_cream_cheese_and_place_it_in_the_basket/90229c45-da49-4e0f-bc0b-583fb065c08f_s1.mp4,348203,01_pick_up_the_cream_cheese_and_place_it_in_the_basket
baseline,success,baseline/01_pick_up_the_cream_cheese_and_place_it_in_the_basket/989f942c-6644-4163-93a7-5f73481237ed_s1.mp4,288891,01_pick_up_the_cream_cheese_and_place_it_in_the_basket
baseline,success,baseline/01_pick_up_the_cream_cheese_and_place_it_in_the_basket/9cc408fa-3c9a-4910-a913-f59f10e1a6c1_s1.mp4,312226,01_pick_up_the_cream_cheese_and_place_it_in_the_basket
baseline,success,baseline/01_pick_up_the_cream_cheese_and_place_it_in_the_basket/a5115192-ae72-4bf7-9fd8-b3e62ba85eb0_s1.mp4,333672,01_pick_up_the_cream_cheese_and_place_it_in_the_basket
baseline,success,baseline/01_pick_up_the_cream_cheese_and_place_it_in_the_basket/aa12c670-ba2b-474a-8854-43d48a555121_s1.mp4,333416,01_pick_up_the_cream_cheese_and_place_it_in_the_basket
baseline,success,baseline/01_pick_up_the_cream_cheese_and_place_it_in_the_basket/d6878b1c-3ebd-4535-ab31-f62c5435a069_s1.mp4,337888,01_pick_up_the_cream_cheese_and_place_it_in_the_basket
baseline,success,baseline/01_pick_up_the_cream_cheese_and_place_it_in_the_basket/def4ba49-0008-4cb5-888a-bc103072404d_s1.mp4,375989,01_pick_up_the_cream_cheese_and_place_it_in_the_basket
baseline,success,baseline/02_pick_up_the_salad_dressing_and_place_it_in_the_basket/182fb3ab-b3eb-4365-bed2-f2a7122c2966_s1.mp4,275517,02_pick_up_the_salad_dressing_and_place_it_in_the_basket
baseline,success,baseline/02_pick_up_the_salad_dressing_and_place_it_in_the_basket/19c334b0-1805-4bb6-b801-72c885335e83_s1.mp4,293867,02_pick_up_the_salad_dressing_and_place_it_in_the_basket
baseline,success,baseline/02_pick_up_the_salad_dressing_and_place_it_in_the_basket/24fc21d5-0f5b-4f34-9d50-98de894e3cf2_s1.mp4,285736,02_pick_up_the_salad_dressing_and_place_it_in_the_basket
baseline,success,baseline/02_pick_up_the_salad_dressing_and_place_it_in_the_basket/25003c11-bdf8-4253-9aa3-92912cbea683_s1.mp4,270446,02_pick_up_the_salad_dressing_and_place_it_in_the_basket
baseline,success,baseline/02_pick_up_the_salad_dressing_and_place_it_in_the_basket/3a894cb2-4c6b-4edf-87e2-b7bcb0ec9f36_s1.mp4,282522,02_pick_up_the_salad_dressing_and_place_it_in_the_basket
baseline,success,baseline/02_pick_up_the_salad_dressing_and_place_it_in_the_basket/4dcc4788-5748-4b17-a3fe-fec94bd79633_s1.mp4,298991,02_pick_up_the_salad_dressing_and_place_it_in_the_basket
baseline,success,baseline/02_pick_up_the_salad_dressing_and_place_it_in_the_basket/6383351c-5f72-4671-8018-702051f90519_s1.mp4,293777,02_pick_up_the_salad_dressing_and_place_it_in_the_basket
baseline,success,baseline/02_pick_up_the_salad_dressing_and_place_it_in_the_basket/6d930086-7c78-402b-91ec-e9506cddaa82_s1.mp4,323702,02_pick_up_the_salad_dressing_and_place_it_in_the_basket
baseline,success,baseline/02_pick_up_the_salad_dressing_and_place_it_in_the_basket/84e142f7-d21a-49fb-b962-41b55038a2d8_s1.mp4,262001,02_pick_up_the_salad_dressing_and_place_it_in_the_basket
baseline,success,baseline/02_pick_up_the_salad_dressing_and_place_it_in_the_basket/8596e9bb-d375-412f-9083-44b0463e2ee7_s1.mp4,296810,02_pick_up_the_salad_dressing_and_place_it_in_the_basket
baseline,success,baseline/02_pick_up_the_salad_dressing_and_place_it_in_the_basket/9203acc5-a231-4c20-b703-adaa7bbf8beb_s1.mp4,270770,02_pick_up_the_salad_dressing_and_place_it_in_the_basket
baseline,success,baseline/02_pick_up_the_salad_dressing_and_place_it_in_the_basket/a671cbc1-b4ea-4fd2-af9d-56f0aef7ea96_s1.mp4,271534,02_pick_up_the_salad_dressing_and_place_it_in_the_basket
baseline,success,baseline/02_pick_up_the_salad_dressing_and_place_it_in_the_basket/acc91adb-1ff5-4abd-b645-5ea088a0e983_s1.mp4,280721,02_pick_up_the_salad_dressing_and_place_it_in_the_basket
baseline,success,baseline/02_pick_up_the_salad_dressing_and_place_it_in_the_basket/af8d4852-e395-4702-9ccf-75c3ba8bd2a9_s1.mp4,292864,02_pick_up_the_salad_dressing_and_place_it_in_the_basket
baseline,success,baseline/02_pick_up_the_salad_dressing_and_place_it_in_the_basket/b9ed8c6f-e8be-4152-8db3-d027a972e84a_s1.mp4,276158,02_pick_up_the_salad_dressing_and_place_it_in_the_basket
baseline,success,baseline/02_pick_up_the_salad_dressing_and_place_it_in_the_basket/c0a8783d-68d3-4dd5-8c6c-27a3f91c56df_s1.mp4,271258,02_pick_up_the_salad_dressing_and_place_it_in_the_basket
baseline,success,baseline/02_pick_up_the_salad_dressing_and_place_it_in_the_basket/d146fc77-ab59-40dd-82da-90a332fe19db_s1.mp4,306542,02_pick_up_the_salad_dressing_and_place_it_in_the_basket
baseline,success,baseline/02_pick_up_the_salad_dressing_and_place_it_in_the_basket/d19714f8-2c10-4284-8621-60f3117bfcc5_s1.mp4,286816,02_pick_up_the_salad_dressing_and_place_it_in_the_basket
baseline,success,baseline/02_pick_up_the_salad_dressing_and_place_it_in_the_basket/f5d6537c-de87-4f80-abeb-065c659af6af_s1.mp4,287934,02_pick_up_the_salad_dressing_and_place_it_in_the_basket
baseline,success,baseline/02_pick_up_the_salad_dressing_and_place_it_in_the_basket/fbb5859f-012b-4c6d-849d-26fe2fd9e8a4_s1.mp4,304474,02_pick_up_the_salad_dressing_and_place_it_in_the_basket
baseline,success,baseline/03_pick_up_the_bbq_sauce_and_place_it_in_the_basket/09858525-bcce-4c5e-8eef-1ea609a036fb_s1.mp4,319311,03_pick_up_the_bbq_sauce_and_place_it_in_the_basket
baseline,success,baseline/03_pick_up_the_bbq_sauce_and_place_it_in_the_basket/11828515-235c-4533-bf55-40a9f1e896e2_s1.mp4,307210,03_pick_up_the_bbq_sauce_and_place_it_in_the_basket
baseline,success,baseline/03_pick_up_the_bbq_sauce_and_place_it_in_the_basket/11d278fc-1a30-4869-b9bf-7c8284fe74ce_s1.mp4,354393,03_pick_up_the_bbq_sauce_and_place_it_in_the_basket
baseline,success,baseline/03_pick_up_the_bbq_sauce_and_place_it_in_the_basket/191dc842-8fed-42e3-8213-a7871ea41b37_s1.mp4,445644,03_pick_up_the_bbq_sauce_and_place_it_in_the_basket
baseline,success,baseline/03_pick_up_the_bbq_sauce_and_place_it_in_the_basket/1d4be792-3a06-47fc-9259-2c799599767c_s1.mp4,298212,03_pick_up_the_bbq_sauce_and_place_it_in_the_basket
baseline,success,baseline/03_pick_up_the_bbq_sauce_and_place_it_in_the_basket/31f95dab-c154-4b4e-abaa-621adac883d0_s1.mp4,351785,03_pick_up_the_bbq_sauce_and_place_it_in_the_basket
baseline,success,baseline/03_pick_up_the_bbq_sauce_and_place_it_in_the_basket/386b1f39-1b8d-44a2-96ce-40f0bc757e1d_s1.mp4,335613,03_pick_up_the_bbq_sauce_and_place_it_in_the_basket
baseline,success,baseline/03_pick_up_the_bbq_sauce_and_place_it_in_the_basket/4023a3ca-cb6d-491c-9f40-6d66290eabcd_s1.mp4,279031,03_pick_up_the_bbq_sauce_and_place_it_in_the_basket
baseline,success,baseline/03_pick_up_the_bbq_sauce_and_place_it_in_the_basket/412102b0-0773-40bf-8a76-cb512f3e7227_s1.mp4,277364,03_pick_up_the_bbq_sauce_and_place_it_in_the_basket
baseline,success,baseline/03_pick_up_the_bbq_sauce_and_place_it_in_the_basket/4e9c1f2e-2f23-4168-a379-9699ec8c1477_s1.mp4,333593,03_pick_up_the_bbq_sauce_and_place_it_in_the_basket
baseline,success,baseline/03_pick_up_the_bbq_sauce_and_place_it_in_the_basket/5a8e2ef6-7014-4570-bfed-7c4471a2ea78_s1.mp4,282488,03_pick_up_the_bbq_sauce_and_place_it_in_the_basket
baseline,success,baseline/03_pick_up_the_bbq_sauce_and_place_it_in_the_basket/896219d8-f476-4561-b1df-474c107e7c43_s1.mp4,290518,03_pick_up_the_bbq_sauce_and_place_it_in_the_basket
baseline,success,baseline/03_pick_up_the_bbq_sauce_and_place_it_in_the_basket/a0cf82d5-c9e1-412a-95cc-28eb1d9102c9_s1.mp4,339358,03_pick_up_the_bbq_sauce_and_place_it_in_the_basket
baseline,success,baseline/03_pick_up_the_bbq_sauce_and_place_it_in_the_basket/a3e22e3d-baec-4fb3-b3a4-b42de35d4ff6_s1.mp4,302726,03_pick_up_the_bbq_sauce_and_place_it_in_the_basket
baseline,success,baseline/03_pick_up_the_bbq_sauce_and_place_it_in_the_basket/a5341ab5-b770-40fa-9253-53d5dd010293_s1.mp4,297406,03_pick_up_the_bbq_sauce_and_place_it_in_the_basket
baseline,success,baseline/03_pick_up_the_bbq_sauce_and_place_it_in_the_basket/b2764e4b-b321-4580-96d2-47b830d9112b_s1.mp4,279488,03_pick_up_the_bbq_sauce_and_place_it_in_the_basket
baseline,success,baseline/03_pick_up_the_bbq_sauce_and_place_it_in_the_basket/cbfd8905-248a-4161-990c-3f2d29b4c3ba_s1.mp4,288660,03_pick_up_the_bbq_sauce_and_place_it_in_the_basket
baseline,success,baseline/03_pick_up_the_bbq_sauce_and_place_it_in_the_basket/d134de35-7de5-452d-8bd9-82f12286a9cc_s1.mp4,286100,03_pick_up_the_bbq_sauce_and_place_it_in_the_basket
baseline,success,baseline/03_pick_up_the_bbq_sauce_and_place_it_in_the_basket/e187caa8-041a-4072-9096-4c00fb24bd88_s1.mp4,290829,03_pick_up_the_bbq_sauce_and_place_it_in_the_basket
baseline,success,baseline/03_pick_up_the_bbq_sauce_and_place_it_in_the_basket/e434ae6d-5674-419b-a924-450083e9c4d1_s1.mp4,292487,03_pick_up_the_bbq_sauce_and_place_it_in_the_basket
baseline,success,baseline/04_pick_up_the_ketchup_and_place_it_in_the_basket/010d036f-c7ac-4b1f-9494-a8826f787cbe_s1.mp4,302914,04_pick_up_the_ketchup_and_place_it_in_the_basket
baseline,success,baseline/04_pick_up_the_ketchup_and_place_it_in_the_basket/033c7b5d-cdce-4bf4-b7bb-63500c5ede58_s1.mp4,375338,04_pick_up_the_ketchup_and_place_it_in_the_basket
baseline,success,baseline/04_pick_up_the_ketchup_and_place_it_in_the_basket/051b21ab-1362-43b1-abd3-3aa63454f95c_s1.mp4,305621,04_pick_up_the_ketchup_and_place_it_in_the_basket
baseline,success,baseline/04_pick_up_the_ketchup_and_place_it_in_the_basket/05290d6e-0a37-4e1b-816c-225b91c3a467_s1.mp4,274725,04_pick_up_the_ketchup_and_place_it_in_the_basket
baseline,success,baseline/04_pick_up_the_ketchup_and_place_it_in_the_basket/0a324c3c-2422-4cd9-865c-b49bd0b5d2ff_s1.mp4,293579,04_pick_up_the_ketchup_and_place_it_in_the_basket
baseline,success,baseline/04_pick_up_the_ketchup_and_place_it_in_the_basket/10a3e2c5-5027-4ad7-9408-47fee3e808b6_s1.mp4,292001,04_pick_up_the_ketchup_and_place_it_in_the_basket
baseline,success,baseline/04_pick_up_the_ketchup_and_place_it_in_the_basket/2c450783-572f-4dbb-a660-ee9ecf2d5843_s1.mp4,280779,04_pick_up_the_ketchup_and_place_it_in_the_basket
baseline,success,baseline/04_pick_up_the_ketchup_and_place_it_in_the_basket/2d4e3d57-551a-4b73-ac0e-023a46a57e06_s1.mp4,300448,04_pick_up_the_ketchup_and_place_it_in_the_basket
baseline,success,baseline/04_pick_up_the_ketchup_and_place_it_in_the_basket/46c66e28-b2bd-44dd-8248-cfd3fa4ba11e_s1.mp4,285835,04_pick_up_the_ketchup_and_place_it_in_the_basket
baseline,success,baseline/04_pick_up_the_ketchup_and_place_it_in_the_basket/4b4f3dc9-a886-4e86-9b59-419113ac483e_s1.mp4,300305,04_pick_up_the_ketchup_and_place_it_in_the_basket
baseline,success,baseline/04_pick_up_the_ketchup_and_place_it_in_the_basket/71ae58bd-7f55-4105-9799-76ac00b7f268_s1.mp4,285228,04_pick_up_the_ketchup_and_place_it_in_the_basket
baseline,success,baseline/04_pick_up_the_ketchup_and_place_it_in_the_basket/86cba860-682d-4f8c-aad2-7d1590a16e27_s1.mp4,287166,04_pick_up_the_ketchup_and_place_it_in_the_basket
baseline,success,baseline/04_pick_up_the_ketchup_and_place_it_in_the_basket/903e315c-80f9-48c9-8272-99fbab6b2369_s1.mp4,308189,04_pick_up_the_ketchup_and_place_it_in_the_basket
baseline,success,baseline/04_pick_up_the_ketchup_and_place_it_in_the_basket/90e8876b-3888-4f11-bc2c-1d1b8f7dd284_s1.mp4,284321,04_pick_up_the_ketchup_and_place_it_in_the_basket
baseline,success,baseline/04_pick_up_the_ketchup_and_place_it_in_the_basket/b8efe38c-c106-43a9-b046-2900c147e957_s1.mp4,292485,04_pick_up_the_ketchup_and_place_it_in_the_basket
baseline,success,baseline/04_pick_up_the_ketchup_and_place_it_in_the_basket/cdf88772-6eb2-427a-945c-62e04bca10e4_s1.mp4,277596,04_pick_up_the_ketchup_and_place_it_in_the_basket
baseline,success,baseline/04_pick_up_the_ketchup_and_place_it_in_the_basket/da8e2284-7572-41ea-9de8-bc669c9a3b20_s1.mp4,275088,04_pick_up_the_ketchup_and_place_it_in_the_basket
baseline,success,baseline/04_pick_up_the_ketchup_and_place_it_in_the_basket/ecb28443-78e0-4b23-b61f-1fb979ae800c_s1.mp4,306032,04_pick_up_the_ketchup_and_place_it_in_the_basket
baseline,success,baseline/04_pick_up_the_ketchup_and_place_it_in_the_basket/fd1dd469-d24c-4c25-9029-c04713c11757_s1.mp4,284701,04_pick_up_the_ketchup_and_place_it_in_the_basket
baseline,success,baseline/04_pick_up_the_ketchup_and_place_it_in_the_basket/ff1a6eb5-9c38-4087-ab12-6f94fdc2c289_s1.mp4,292712,04_pick_up_the_ketchup_and_place_it_in_the_basket
baseline,success,baseline/05_pick_up_the_tomato_sauce_and_place_it_in_the_basket/0e00203d-8e53-4be0-94be-40f0a4611b45_s1.mp4,310346,05_pick_up_the_tomato_sauce_and_place_it_in_the_basket
baseline,success,baseline/05_pick_up_the_tomato_sauce_and_place_it_in_the_basket/11ff499b-22b9-4466-abb4-a6dca02d4416_s1.mp4,326503,05_pick_up_the_tomato_sauce_and_place_it_in_the_basket
baseline,success,baseline/05_pick_up_the_tomato_sauce_and_place_it_in_the_basket/22d513eb-39f5-4be9-9030-444b429b6eaf_s1.mp4,317377,05_pick_up_the_tomato_sauce_and_place_it_in_the_basket
baseline,success,baseline/05_pick_up_the_tomato_sauce_and_place_it_in_the_basket/3fae4af1-1a6e-48c0-a478-bca7f429aeaa_s1.mp4,313419,05_pick_up_the_tomato_sauce_and_place_it_in_the_basket
baseline,success,baseline/05_pick_up_the_tomato_sauce_and_place_it_in_the_basket/48806c78-a531-4110-82e3-215280c8090d_s1.mp4,301473,05_pick_up_the_tomato_sauce_and_place_it_in_the_basket
baseline,success,baseline/05_pick_up_the_tomato_sauce_and_place_it_in_the_basket/575af6af-463d-43e3-aee8-f45a97474331_s1.mp4,336791,05_pick_up_the_tomato_sauce_and_place_it_in_the_basket
baseline,success,baseline/05_pick_up_the_tomato_sauce_and_place_it_in_the_basket/636dafee-09ee-4fca-92e2-9edfcd18e3df_s1.mp4,311032,05_pick_up_the_tomato_sauce_and_place_it_in_the_basket
baseline,success,baseline/05_pick_up_the_tomato_sauce_and_place_it_in_the_basket/66b5ba7a-f8ef-4f10-8b5a-579d5ed601a0_s1.mp4,346678,05_pick_up_the_tomato_sauce_and_place_it_in_the_basket
baseline,success,baseline/05_pick_up_the_tomato_sauce_and_place_it_in_the_basket/6ff9d055-6284-4116-8923-c216d070266f_s1.mp4,302026,05_pick_up_the_tomato_sauce_and_place_it_in_the_basket
baseline,success,baseline/05_pick_up_the_tomato_sauce_and_place_it_in_the_basket/777c595d-57cd-4b07-b946-6bc1c222bbf0_s1.mp4,302505,05_pick_up_the_tomato_sauce_and_place_it_in_the_basket
baseline,success,baseline/05_pick_up_the_tomato_sauce_and_place_it_in_the_basket/7c9c85ae-febc-4038-b8d1-a614b0e3864a_s1.mp4,356502,05_pick_up_the_tomato_sauce_and_place_it_in_the_basket
baseline,success,baseline/05_pick_up_the_tomato_sauce_and_place_it_in_the_basket/88fec8bd-59f4-4b89-ab14-14e756577124_s1.mp4,319579,05_pick_up_the_tomato_sauce_and_place_it_in_the_basket
baseline,success,baseline/05_pick_up_the_tomato_sauce_and_place_it_in_the_basket/8b7a0ce3-60bc-4439-9553-6e103dbf5550_s1.mp4,297833,05_pick_up_the_tomato_sauce_and_place_it_in_the_basket
baseline,success,baseline/05_pick_up_the_tomato_sauce_and_place_it_in_the_basket/a123061e-67da-4c87-8576-cf83e1900149_s1.mp4,295371,05_pick_up_the_tomato_sauce_and_place_it_in_the_basket
baseline,success,baseline/05_pick_up_the_tomato_sauce_and_place_it_in_the_basket/b44598ed-ce22-4f41-b87f-e4255ec8f6a4_s1.mp4,347352,05_pick_up_the_tomato_sauce_and_place_it_in_the_basket
baseline,success,baseline/05_pick_up_the_tomato_sauce_and_place_it_in_the_basket/b4dc387e-50ce-491a-b929-f375f0bbc1fd_s1.mp4,325873,05_pick_up_the_tomato_sauce_and_place_it_in_the_basket
baseline,success,baseline/05_pick_up_the_tomato_sauce_and_place_it_in_the_basket/cfa00c2d-95fb-4ed7-9148-d7ff26f71dc8_s1.mp4,326925,05_pick_up_the_tomato_sauce_and_place_it_in_the_basket
baseline,success,baseline/05_pick_up_the_tomato_sauce_and_place_it_in_the_basket/e601f6f2-aa0f-4f2f-84eb-38a747dd204d_s1.mp4,317331,05_pick_up_the_tomato_sauce_and_place_it_in_the_basket
baseline,success,baseline/05_pick_up_the_tomato_sauce_and_place_it_in_the_basket/ec224f15-7e83-41a7-920c-5af66474bf9b_s1.mp4,302212,05_pick_up_the_tomato_sauce_and_place_it_in_the_basket
baseline,success,baseline/05_pick_up_the_tomato_sauce_and_place_it_in_the_basket/f69a94fe-4ce0-4620-83f8-282e0003299a_s1.mp4,343892,05_pick_up_the_tomato_sauce_and_place_it_in_the_basket
baseline,success,baseline/06_pick_up_the_butter_and_place_it_in_the_basket/13670b52-438b-4130-a0bc-551a6b68b694_s1.mp4,336022,06_pick_up_the_butter_and_place_it_in_the_basket
baseline,success,baseline/06_pick_up_the_butter_and_place_it_in_the_basket/246f73f5-5175-48d5-8a74-2c90fecf10e3_s1.mp4,327775,06_pick_up_the_butter_and_place_it_in_the_basket
baseline,success,baseline/06_pick_up_the_butter_and_place_it_in_the_basket/360b0d66-7e1c-4bdb-afd0-0f1619ef5468_s1.mp4,358857,06_pick_up_the_butter_and_place_it_in_the_basket
baseline,success,baseline/06_pick_up_the_butter_and_place_it_in_the_basket/4d9a4206-2de7-4392-9bc1-f8589817e486_s1.mp4,297456,06_pick_up_the_butter_and_place_it_in_the_basket
baseline,success,baseline/06_pick_up_the_butter_and_place_it_in_the_basket/5315cce2-e9e2-4e0f-b459-5e9f6bc8131a_s1.mp4,351295,06_pick_up_the_butter_and_place_it_in_the_basket
baseline,fail,baseline/06_pick_up_the_butter_and_place_it_in_the_basket/5427e4f6-b298-4495-8b1e-49c3cdceddf4_s0.mp4,1560415,06_pick_up_the_butter_and_place_it_in_the_basket
baseline,success,baseline/06_pick_up_the_butter_and_place_it_in_the_basket/58cf5aa2-4d11-42cb-b385-963eab7a4fbc_s1.mp4,441935,06_pick_up_the_butter_and_place_it_in_the_basket
baseline,success,baseline/06_pick_up_the_butter_and_place_it_in_the_basket/8e95e5fd-2bd7-40a5-a5d5-440880d243b7_s1.mp4,398113,06_pick_up_the_butter_and_place_it_in_the_basket
baseline,success,baseline/06_pick_up_the_butter_and_place_it_in_the_basket/a065d4e8-31d5-4045-93b8-2005a58c00c3_s1.mp4,325279,06_pick_up_the_butter_and_place_it_in_the_basket
baseline,success,baseline/06_pick_up_the_butter_and_place_it_in_the_basket/abc58e97-f5cd-4ec1-9656-9a9e4d57326d_s1.mp4,357284,06_pick_up_the_butter_and_place_it_in_the_basket
baseline,success,baseline/06_pick_up_the_butter_and_place_it_in_the_basket/b8c04ca4-b958-4e56-9f3f-a7871c8887be_s1.mp4,331996,06_pick_up_the_butter_and_place_it_in_the_basket
baseline,success,baseline/06_pick_up_the_butter_and_place_it_in_the_basket/bb580233-8905-4153-a21d-41a42fc6ca7b_s1.mp4,359005,06_pick_up_the_butter_and_place_it_in_the_basket
baseline,success,baseline/06_pick_up_the_butter_and_place_it_in_the_basket/bfa3b064-1782-4fb1-bbf9-e063c5242c2d_s1.mp4,326029,06_pick_up_the_butter_and_place_it_in_the_basket
baseline,success,baseline/06_pick_up_the_butter_and_place_it_in_the_basket/c3bea273-81bb-4cc4-a11e-b80e660803d4_s1.mp4,439531,06_pick_up_the_butter_and_place_it_in_the_basket
baseline,success,baseline/06_pick_up_the_butter_and_place_it_in_the_basket/c73d16be-cfe1-4d6e-8442-9d8b3dcf0d52_s1.mp4,301226,06_pick_up_the_butter_and_place_it_in_the_basket
baseline,success,baseline/06_pick_up_the_butter_and_place_it_in_the_basket/ce252b62-cb10-434a-a4c1-2999fc9144df_s1.mp4,305742,06_pick_up_the_butter_and_place_it_in_the_basket
baseline,success,baseline/06_pick_up_the_butter_and_place_it_in_the_basket/e3d33b38-4e50-4209-aef7-13008acbe260_s1.mp4,347934,06_pick_up_the_butter_and_place_it_in_the_basket
baseline,success,baseline/06_pick_up_the_butter_and_place_it_in_the_basket/eda80c9a-8670-43fc-812a-5d79ad9c1229_s1.mp4,353045,06_pick_up_the_butter_and_place_it_in_the_basket
baseline,success,baseline/06_pick_up_the_butter_and_place_it_in_the_basket/ef017a83-90a0-4a01-877a-9a0139b8fce8_s1.mp4,326303,06_pick_up_the_butter_and_place_it_in_the_basket
baseline,success,baseline/06_pick_up_the_butter_and_place_it_in_the_basket/fb976b7c-81e6-4df1-9d01-5d6503f227b5_s1.mp4,375235,06_pick_up_the_butter_and_place_it_in_the_basket
baseline,success,baseline/07_pick_up_the_milk_and_place_it_in_the_basket/03f0b345-7353-49ef-8562-750c04af3ae3_s1.mp4,316506,07_pick_up_the_milk_and_place_it_in_the_basket
baseline,success,baseline/07_pick_up_the_milk_and_place_it_in_the_basket/0f9429ca-e73e-4ba6-b760-358ef25629dc_s1.mp4,290862,07_pick_up_the_milk_and_place_it_in_the_basket
baseline,success,baseline/07_pick_up_the_milk_and_place_it_in_the_basket/1bc5eaaa-4567-438b-a86b-c195b70ac20d_s1.mp4,363195,07_pick_up_the_milk_and_place_it_in_the_basket
baseline,success,baseline/07_pick_up_the_milk_and_place_it_in_the_basket/22942629-a2d1-4727-9b7d-7f79a90591cc_s1.mp4,276241,07_pick_up_the_milk_and_place_it_in_the_basket
baseline,success,baseline/07_pick_up_the_milk_and_place_it_in_the_basket/23b7720d-6453-4516-a127-6d4b58874f3d_s1.mp4,281045,07_pick_up_the_milk_and_place_it_in_the_basket
baseline,success,baseline/07_pick_up_the_milk_and_place_it_in_the_basket/328e1e54-62f4-437b-bd66-00dbd3c0a0c1_s1.mp4,280991,07_pick_up_the_milk_and_place_it_in_the_basket
baseline,success,baseline/07_pick_up_the_milk_and_place_it_in_the_basket/4c204ba2-517d-438b-8e23-7d7e8bdc207a_s1.mp4,281948,07_pick_up_the_milk_and_place_it_in_the_basket
baseline,success,baseline/07_pick_up_the_milk_and_place_it_in_the_basket/59596c16-570d-4dd9-865d-cfd13e15531d_s1.mp4,295592,07_pick_up_the_milk_and_place_it_in_the_basket
baseline,success,baseline/07_pick_up_the_milk_and_place_it_in_the_basket/68410ab3-8c46-49b4-9ba8-21ba48f61bce_s1.mp4,279846,07_pick_up_the_milk_and_place_it_in_the_basket
baseline,success,baseline/07_pick_up_the_milk_and_place_it_in_the_basket/6da4519a-7e83-448c-8ca8-b6b8c55d55e0_s1.mp4,290513,07_pick_up_the_milk_and_place_it_in_the_basket
baseline,success,baseline/07_pick_up_the_milk_and_place_it_in_the_basket/937df5b8-3cff-46d0-bfeb-4d0ab117e289_s1.mp4,284619,07_pick_up_the_milk_and_place_it_in_the_basket
baseline,success,baseline/07_pick_up_the_milk_and_place_it_in_the_basket/94b0878d-42b4-4716-af46-60b06a70678f_s1.mp4,278780,07_pick_up_the_milk_and_place_it_in_the_basket
baseline,success,baseline/07_pick_up_the_milk_and_place_it_in_the_basket/9dfee41e-b603-4a25-bd53-e3e21dd2e707_s1.mp4,271715,07_pick_up_the_milk_and_place_it_in_the_basket
baseline,success,baseline/07_pick_up_the_milk_and_place_it_in_the_basket/aa586e66-c3fc-4441-9cdc-1071c479af91_s1.mp4,282436,07_pick_up_the_milk_and_place_it_in_the_basket
baseline,success,baseline/07_pick_up_the_milk_and_place_it_in_the_basket/ccd38af6-1c94-41c0-83a4-bbe0dfc579a8_s1.mp4,273117,07_pick_up_the_milk_and_place_it_in_the_basket
baseline,success,baseline/07_pick_up_the_milk_and_place_it_in_the_basket/d10ae4fb-153b-4159-884e-db94b818b6c9_s1.mp4,289582,07_pick_up_the_milk_and_place_it_in_the_basket
baseline,success,baseline/07_pick_up_the_milk_and_place_it_in_the_basket/d2f66a6e-dcb6-40b2-b1ec-23d6bd27238b_s1.mp4,293845,07_pick_up_the_milk_and_place_it_in_the_basket
baseline,success,baseline/07_pick_up_the_milk_and_place_it_in_the_basket/d36e850b-0ced-421b-8f8e-d497932836e9_s1.mp4,292152,07_pick_up_the_milk_and_place_it_in_the_basket
baseline,success,baseline/07_pick_up_the_milk_and_place_it_in_the_basket/deb7dd62-9279-4902-b760-c84a63d754ee_s1.mp4,276593,07_pick_up_the_milk_and_place_it_in_the_basket
baseline,success,baseline/07_pick_up_the_milk_and_place_it_in_the_basket/fc746e6f-a1ca-4d18-9f85-a49d5ca97174_s1.mp4,283521,07_pick_up_the_milk_and_place_it_in_the_basket
baseline,success,baseline/08_pick_up_the_chocolate_pudding_and_place_it_in_the_basket/041bb115-81f4-46c2-ab4c-e3d23d6f2fbb_s1.mp4,317278,08_pick_up_the_chocolate_pudding_and_place_it_in_the_basket
baseline,success,baseline/08_pick_up_the_chocolate_pudding_and_place_it_in_the_basket/04c7a8a7-dbb7-497c-a87e-c91518bb4480_s1.mp4,307863,08_pick_up_the_chocolate_pudding_and_place_it_in_the_basket
baseline,success,baseline/08_pick_up_the_chocolate_pudding_and_place_it_in_the_basket/1058e830-1d15-4c8d-bd44-81e969c24847_s1.mp4,351610,08_pick_up_the_chocolate_pudding_and_place_it_in_the_basket
baseline,success,baseline/08_pick_up_the_chocolate_pudding_and_place_it_in_the_basket/19591169-54a7-4b11-bcac-7a02b75f72e0_s1.mp4,311664,08_pick_up_the_chocolate_pudding_and_place_it_in_the_basket
baseline,success,baseline/08_pick_up_the_chocolate_pudding_and_place_it_in_the_basket/3a638ab5-cb43-4ed0-bad6-23d7823dabbd_s1.mp4,324149,08_pick_up_the_chocolate_pudding_and_place_it_in_the_basket
baseline,success,baseline/08_pick_up_the_chocolate_pudding_and_place_it_in_the_basket/3e118506-61ce-40a9-ada0-aedc96aba1a9_s1.mp4,343158,08_pick_up_the_chocolate_pudding_and_place_it_in_the_basket
baseline,success,baseline/08_pick_up_the_chocolate_pudding_and_place_it_in_the_basket/44587a2f-4f3d-4859-b277-70e557e5084b_s1.mp4,322768,08_pick_up_the_chocolate_pudding_and_place_it_in_the_basket
baseline,success,baseline/08_pick_up_the_chocolate_pudding_and_place_it_in_the_basket/4d703ad0-6c90-42f7-9e7d-6db0bae2f901_s1.mp4,330515,08_pick_up_the_chocolate_pudding_and_place_it_in_the_basket
baseline,success,baseline/08_pick_up_the_chocolate_pudding_and_place_it_in_the_basket/4f8c8304-9646-4111-9583-a5ee7600ffd8_s1.mp4,311436,08_pick_up_the_chocolate_pudding_and_place_it_in_the_basket
baseline,success,baseline/08_pick_up_the_chocolate_pudding_and_place_it_in_the_basket/63a10680-4568-401e-9c2d-f99db08087d0_s1.mp4,300350,08_pick_up_the_chocolate_pudding_and_place_it_in_the_basket
baseline,success,baseline/08_pick_up_the_chocolate_pudding_and_place_it_in_the_basket/696ce4af-a793-43fb-8655-13804258e2be_s1.mp4,311577,08_pick_up_the_chocolate_pudding_and_place_it_in_the_basket
baseline,success,baseline/08_pick_up_the_chocolate_pudding_and_place_it_in_the_basket/69f1158a-9bc2-42bd-a68c-e07194214a4f_s1.mp4,299694,08_pick_up_the_chocolate_pudding_and_place_it_in_the_basket
baseline,fail,baseline/08_pick_up_the_chocolate_pudding_and_place_it_in_the_basket/743c2768-aa77-442b-a7b5-28ff772e7b11_s0.mp4,1132269,08_pick_up_the_chocolate_pudding_and_place_it_in_the_basket
baseline,success,baseline/08_pick_up_the_chocolate_pudding_and_place_it_in_the_basket/a94271b7-0255-4062-ae1e-a0bb1c4a5420_s1.mp4,321623,08_pick_up_the_chocolate_pudding_and_place_it_in_the_basket
baseline,success,baseline/08_pick_up_the_chocolate_pudding_and_place_it_in_the_basket/bca4b708-e9b8-4e2e-a6d9-42c17cebc5b2_s1.mp4,355007,08_pick_up_the_chocolate_pudding_and_place_it_in_the_basket
baseline,success,baseline/08_pick_up_the_chocolate_pudding_and_place_it_in_the_basket/d0353854-1250-4da5-a3bd-381476630665_s1.mp4,303135,08_pick_up_the_chocolate_pudding_and_place_it_in_the_basket
baseline,success,baseline/08_pick_up_the_chocolate_pudding_and_place_it_in_the_basket/d4828829-9a02-4aca-96b2-3b6729e2b7bf_s1.mp4,308734,08_pick_up_the_chocolate_pudding_and_place_it_in_the_basket
baseline,success,baseline/08_pick_up_the_chocolate_pudding_and_place_it_in_the_basket/e3cda3b6-6d59-4721-8d4a-78752633738e_s1.mp4,313276,08_pick_up_the_chocolate_pudding_and_place_it_in_the_basket
baseline,success,baseline/08_pick_up_the_chocolate_pudding_and_place_it_in_the_basket/f5ec849f-c491-4bdd-896a-03a02231a366_s1.mp4,307411,08_pick_up_the_chocolate_pudding_and_place_it_in_the_basket
baseline,success,baseline/08_pick_up_the_chocolate_pudding_and_place_it_in_the_basket/ffbbfba2-9976-42ff-a009-ba7e79555377_s1.mp4,329358,08_pick_up_the_chocolate_pudding_and_place_it_in_the_basket
baseline,success,baseline/09_pick_up_the_orange_juice_and_place_it_in_the_basket/1193f710-f46d-4d19-91fe-dbc095fab6b0_s1.mp4,289251,09_pick_up_the_orange_juice_and_place_it_in_the_basket
baseline,success,baseline/09_pick_up_the_orange_juice_and_place_it_in_the_basket/1fc997cb-56ad-4197-976e-aeb0eca63503_s1.mp4,265785,09_pick_up_the_orange_juice_and_place_it_in_the_basket
baseline,success,baseline/09_pick_up_the_orange_juice_and_place_it_in_the_basket/239b7540-ebda-4565-9700-d35ffd6dc61b_s1.mp4,281633,09_pick_up_the_orange_juice_and_place_it_in_the_basket
baseline,success,baseline/09_pick_up_the_orange_juice_and_place_it_in_the_basket/30417df7-9cd2-451f-a2db-cdeb58b68697_s1.mp4,263761,09_pick_up_the_orange_juice_and_place_it_in_the_basket
baseline,success,baseline/09_pick_up_the_orange_juice_and_place_it_in_the_basket/32790942-f5a0-49f0-9311-55caec62d9e2_s1.mp4,272367,09_pick_up_the_orange_juice_and_place_it_in_the_basket
baseline,success,baseline/09_pick_up_the_orange_juice_and_place_it_in_the_basket/5553fd12-c3e7-46d1-9f80-57ce19878c54_s1.mp4,275120,09_pick_up_the_orange_juice_and_place_it_in_the_basket
baseline,success,baseline/09_pick_up_the_orange_juice_and_place_it_in_the_basket/55d8f4db-e34f-4b71-857e-8c79c4d6cbae_s1.mp4,309936,09_pick_up_the_orange_juice_and_place_it_in_the_basket
baseline,success,baseline/09_pick_up_the_orange_juice_and_place_it_in_the_basket/5bc9f730-d437-40e2-a08b-ae39d39f70ce_s1.mp4,270139,09_pick_up_the_orange_juice_and_place_it_in_the_basket
baseline,success,baseline/09_pick_up_the_orange_juice_and_place_it_in_the_basket/6162f2c6-5266-4266-9627-29d6436df356_s1.mp4,255731,09_pick_up_the_orange_juice_and_place_it_in_the_basket
baseline,success,baseline/09_pick_up_the_orange_juice_and_place_it_in_the_basket/6b29bb3b-4777-4b8b-befb-38aa0d7784a6_s1.mp4,267188,09_pick_up_the_orange_juice_and_place_it_in_the_basket
baseline,success,baseline/09_pick_up_the_orange_juice_and_place_it_in_the_basket/75e64d4d-e2bc-41b2-8460-ac500ce8e768_s1.mp4,306153,09_pick_up_the_orange_juice_and_place_it_in_the_basket
baseline,success,baseline/09_pick_up_the_orange_juice_and_place_it_in_the_basket/8182cf72-fb22-4188-90f7-36292fac14b2_s1.mp4,268678,09_pick_up_the_orange_juice_and_place_it_in_the_basket
baseline,success,baseline/09_pick_up_the_orange_juice_and_place_it_in_the_basket/939c0cdc-5b96-434f-950c-2099d138a5cb_s1.mp4,269192,09_pick_up_the_orange_juice_and_place_it_in_the_basket
baseline,success,baseline/09_pick_up_the_orange_juice_and_place_it_in_the_basket/985d1cbc-2ad7-4a77-8316-5767d5b7c5c5_s1.mp4,276444,09_pick_up_the_orange_juice_and_place_it_in_the_basket
baseline,success,baseline/09_pick_up_the_orange_juice_and_place_it_in_the_basket/a57a3487-6657-4cab-979f-10e693e98b09_s1.mp4,249149,09_pick_up_the_orange_juice_and_place_it_in_the_basket
baseline,success,baseline/09_pick_up_the_orange_juice_and_place_it_in_the_basket/b0f85009-2a34-4ff9-8bbf-6622644d4d37_s1.mp4,256917,09_pick_up_the_orange_juice_and_place_it_in_the_basket
baseline,success,baseline/09_pick_up_the_orange_juice_and_place_it_in_the_basket/b7133b69-3da2-4902-b159-7a54d6862622_s1.mp4,302113,09_pick_up_the_orange_juice_and_place_it_in_the_basket
baseline,success,baseline/09_pick_up_the_orange_juice_and_place_it_in_the_basket/be6e2423-ad56-479d-9f1d-fd3c9dd890ec_s1.mp4,300976,09_pick_up_the_orange_juice_and_place_it_in_the_basket
baseline,success,baseline/09_pick_up_the_orange_juice_and_place_it_in_the_basket/db055803-8b47-4d35-9288-2c9980cd06e0_s1.mp4,372748,09_pick_up_the_orange_juice_and_place_it_in_the_basket
baseline,success,baseline/09_pick_up_the_orange_juice_and_place_it_in_the_basket/fe9b99fe-279d-4512-878e-248090999e8e_s1.mp4,259167,09_pick_up_the_orange_juice_and_place_it_in_the_basket
cka,success,cka/00_pick_up_the_alphabet_soup_and_place_it_in_the_basket/0105cce3-ce3a-4c9e-a514-52c63e968def_s1.mp4,332714,00_pick_up_the_alphabet_soup_and_place_it_in_the_basket
cka,success,cka/00_pick_up_the_alphabet_soup_and_place_it_in_the_basket/10b124a6-91a8-4e34-8086-b08d91ff0d2c_s1.mp4,331165,00_pick_up_the_alphabet_soup_and_place_it_in_the_basket
cka,success,cka/00_pick_up_the_alphabet_soup_and_place_it_in_the_basket/10b794ef-21d7-4a54-9314-c720ee9b34d5_s1.mp4,513491,00_pick_up_the_alphabet_soup_and_place_it_in_the_basket
cka,success,cka/00_pick_up_the_alphabet_soup_and_place_it_in_the_basket/30c43cf4-1628-4781-8a79-5c8cff0866b0_s1.mp4,275070,00_pick_up_the_alphabet_soup_and_place_it_in_the_basket
cka,success,cka/00_pick_up_the_alphabet_soup_and_place_it_in_the_basket/32ba32ac-4161-4a5d-86e0-f0a28f5c64bf_s1.mp4,311716,00_pick_up_the_alphabet_soup_and_place_it_in_the_basket
cka,success,cka/00_pick_up_the_alphabet_soup_and_place_it_in_the_basket/3c2b592a-ec09-4bfc-82f3-e8e7cc5bf548_s1.mp4,274333,00_pick_up_the_alphabet_soup_and_place_it_in_the_basket
cka,success,cka/00_pick_up_the_alphabet_soup_and_place_it_in_the_basket/44ae57ee-a958-4985-8bee-e7a38e4cc3cf_s1.mp4,352439,00_pick_up_the_alphabet_soup_and_place_it_in_the_basket
cka,success,cka/00_pick_up_the_alphabet_soup_and_place_it_in_the_basket/456160d6-cbc4-4121-a6ba-0499c6113458_s1.mp4,327857,00_pick_up_the_alphabet_soup_and_place_it_in_the_basket
cka,success,cka/00_pick_up_the_alphabet_soup_and_place_it_in_the_basket/56114eb2-0863-4797-90d5-b0701d30ad58_s1.mp4,302349,00_pick_up_the_alphabet_soup_and_place_it_in_the_basket
cka,success,cka/00_pick_up_the_alphabet_soup_and_place_it_in_the_basket/6eda39f8-c6f4-4ed5-8dcb-ec6c3d0e385e_s1.mp4,308029,00_pick_up_the_alphabet_soup_and_place_it_in_the_basket
cka,success,cka/00_pick_up_the_alphabet_soup_and_place_it_in_the_basket/7c841337-039c-4e57-8492-6789aeb60744_s1.mp4,319304,00_pick_up_the_alphabet_soup_and_place_it_in_the_basket
cka,success,cka/00_pick_up_the_alphabet_soup_and_place_it_in_the_basket/9f1fbd5a-5099-4584-afdf-1cc519fe2586_s1.mp4,648838,00_pick_up_the_alphabet_soup_and_place_it_in_the_basket
cka,success,cka/00_pick_up_the_alphabet_soup_and_place_it_in_the_basket/b4e32188-d4ae-4f8d-b826-ac6d4424d9b4_s1.mp4,395379,00_pick_up_the_alphabet_soup_and_place_it_in_the_basket
cka,success,cka/00_pick_up_the_alphabet_soup_and_place_it_in_the_basket/b7ee90c6-aaed-4c73-888a-33c5a777cd52_s1.mp4,329926,00_pick_up_the_alphabet_soup_and_place_it_in_the_basket
cka,success,cka/00_pick_up_the_alphabet_soup_and_place_it_in_the_basket/c4253723-f09f-4747-b0c8-308d7a9b9707_s1.mp4,341580,00_pick_up_the_alphabet_soup_and_place_it_in_the_basket
cka,success,cka/00_pick_up_the_alphabet_soup_and_place_it_in_the_basket/dce1faac-e851-4092-811f-5111b30d0863_s1.mp4,335560,00_pick_up_the_alphabet_soup_and_place_it_in_the_basket
cka,success,cka/00_pick_up_the_alphabet_soup_and_place_it_in_the_basket/e068932e-41b4-4523-b5dc-021a978ceb72_s1.mp4,276110,00_pick_up_the_alphabet_soup_and_place_it_in_the_basket
cka,success,cka/00_pick_up_the_alphabet_soup_and_place_it_in_the_basket/f4a545d1-769f-4d50-9401-07a957f72cca_s1.mp4,330511,00_pick_up_the_alphabet_soup_and_place_it_in_the_basket
cka,success,cka/00_pick_up_the_alphabet_soup_and_place_it_in_the_basket/f63f0b05-dc72-43c3-8cdb-ad0364a80f03_s1.mp4,298950,00_pick_up_the_alphabet_soup_and_place_it_in_the_basket
cka,success,cka/00_pick_up_the_alphabet_soup_and_place_it_in_the_basket/f6e0052b-3ca4-4b22-b775-be907b3f99c1_s1.mp4,311824,00_pick_up_the_alphabet_soup_and_place_it_in_the_basket
cka,success,cka/00_pick_up_the_alphabet_soup_and_place_it_in_the_basket/f92b27da-173c-4fee-bebc-c3c404eb211e_s1.mp4,276987,00_pick_up_the_alphabet_soup_and_place_it_in_the_basket
cka,success,cka/01_pick_up_the_cream_cheese_and_place_it_in_the_basket/1ac0abe2-f312-48dd-aa3c-b220742e41c5_s1.mp4,302069,01_pick_up_the_cream_cheese_and_place_it_in_the_basket
cka,success,cka/01_pick_up_the_cream_cheese_and_place_it_in_the_basket/2d0ec88d-1529-4175-8e6d-579f3eb834b0_s1.mp4,353262,01_pick_up_the_cream_cheese_and_place_it_in_the_basket
cka,success,cka/01_pick_up_the_cream_cheese_and_place_it_in_the_basket/39f3ff4a-2f33-4e34-a6c8-d0edbef59eea_s1.mp4,404729,01_pick_up_the_cream_cheese_and_place_it_in_the_basket
cka,success,cka/01_pick_up_the_cream_cheese_and_place_it_in_the_basket/3cb9d3b9-34d2-43b5-bdd6-7ddfdc456108_s1.mp4,335488,01_pick_up_the_cream_cheese_and_place_it_in_the_basket
cka,success,cka/01_pick_up_the_cream_cheese_and_place_it_in_the_basket/40687561-7059-4795-90b0-46f5a98d0489_s1.mp4,298710,01_pick_up_the_cream_cheese_and_place_it_in_the_basket
cka,success,cka/01_pick_up_the_cream_cheese_and_place_it_in_the_basket/4c46b01c-dcee-4da9-ad63-c8b1beea9702_s1.mp4,362050,01_pick_up_the_cream_cheese_and_place_it_in_the_basket
cka,success,cka/01_pick_up_the_cream_cheese_and_place_it_in_the_basket/54ba84a3-5b2d-43e6-baea-45bb27c8b569_s1.mp4,296928,01_pick_up_the_cream_cheese_and_place_it_in_the_basket
cka,success,cka/01_pick_up_the_cream_cheese_and_place_it_in_the_basket/6d921fb6-6b72-4598-be99-b3e7c540bbad_s1.mp4,357392,01_pick_up_the_cream_cheese_and_place_it_in_the_basket
cka,success,cka/01_pick_up_the_cream_cheese_and_place_it_in_the_basket/7c1521d0-2a39-4f3e-9a1c-0469720acb92_s1.mp4,293161,01_pick_up_the_cream_cheese_and_place_it_in_the_basket
cka,success,cka/01_pick_up_the_cream_cheese_and_place_it_in_the_basket/7eaf4de6-16d5-4814-8a3d-729ae09f2c94_s1.mp4,301246,01_pick_up_the_cream_cheese_and_place_it_in_the_basket
cka,success,cka/01_pick_up_the_cream_cheese_and_place_it_in_the_basket/8dbaa179-6093-40a9-9415-cfd2d13dc906_s1.mp4,334468,01_pick_up_the_cream_cheese_and_place_it_in_the_basket
cka,success,cka/01_pick_up_the_cream_cheese_and_place_it_in_the_basket/8f4753f7-7db4-4634-aef1-1fdf008044b2_s1.mp4,275629,01_pick_up_the_cream_cheese_and_place_it_in_the_basket
cka,success,cka/01_pick_up_the_cream_cheese_and_place_it_in_the_basket/9bf92773-fc88-4f59-a7b5-d7c80f14ea29_s1.mp4,625759,01_pick_up_the_cream_cheese_and_place_it_in_the_basket
cka,success,cka/01_pick_up_the_cream_cheese_and_place_it_in_the_basket/9e536e8c-732a-424d-a065-89a90769a7dc_s1.mp4,358978,01_pick_up_the_cream_cheese_and_place_it_in_the_basket
cka,success,cka/01_pick_up_the_cream_cheese_and_place_it_in_the_basket/a0224839-106e-4263-a718-bab179f72259_s1.mp4,290519,01_pick_up_the_cream_cheese_and_place_it_in_the_basket
cka,success,cka/01_pick_up_the_cream_cheese_and_place_it_in_the_basket/c8f000db-bcc1-48e7-9952-e469557bacb1_s1.mp4,330547,01_pick_up_the_cream_cheese_and_place_it_in_the_basket
cka,success,cka/01_pick_up_the_cream_cheese_and_place_it_in_the_basket/d297531e-1c56-4fbc-b657-2b52127d0db5_s1.mp4,309257,01_pick_up_the_cream_cheese_and_place_it_in_the_basket
cka,success,cka/01_pick_up_the_cream_cheese_and_place_it_in_the_basket/eb284150-b14d-4b22-b37d-b62420e54acf_s1.mp4,298154,01_pick_up_the_cream_cheese_and_place_it_in_the_basket
cka,success,cka/01_pick_up_the_cream_cheese_and_place_it_in_the_basket/f3bd3f0e-b05c-44b3-b9b4-32ea29381235_s1.mp4,341242,01_pick_up_the_cream_cheese_and_place_it_in_the_basket
cka,success,cka/01_pick_up_the_cream_cheese_and_place_it_in_the_basket/fe2b7afb-be4c-45a9-b126-52ab81c988b9_s1.mp4,303563,01_pick_up_the_cream_cheese_and_place_it_in_the_basket
cka,success,cka/02_pick_up_the_salad_dressing_and_place_it_in_the_basket/02850a77-9099-42d6-838a-8dc6108c5113_s1.mp4,296125,02_pick_up_the_salad_dressing_and_place_it_in_the_basket
cka,success,cka/02_pick_up_the_salad_dressing_and_place_it_in_the_basket/04930a9d-d17c-4ddf-ac55-9418bb8e2784_s1.mp4,343248,02_pick_up_the_salad_dressing_and_place_it_in_the_basket
cka,success,cka/02_pick_up_the_salad_dressing_and_place_it_in_the_basket/077262c6-c493-45af-b1c5-9ff4fbc46c2b_s1.mp4,257859,02_pick_up_the_salad_dressing_and_place_it_in_the_basket
cka,success,cka/02_pick_up_the_salad_dressing_and_place_it_in_the_basket/087374b4-e448-477c-b03a-b087e24c2c0b_s1.mp4,282999,02_pick_up_the_salad_dressing_and_place_it_in_the_basket
cka,success,cka/02_pick_up_the_salad_dressing_and_place_it_in_the_basket/0e6b5c17-c7a4-4007-bdbd-a2f08ba5ad1d_s1.mp4,271571,02_pick_up_the_salad_dressing_and_place_it_in_the_basket
cka,success,cka/02_pick_up_the_salad_dressing_and_place_it_in_the_basket/1d7e6b65-c891-48ad-b5ce-82909bb51281_s1.mp4,275940,02_pick_up_the_salad_dressing_and_place_it_in_the_basket
cka,success,cka/02_pick_up_the_salad_dressing_and_place_it_in_the_basket/4254b6de-8828-4647-a210-279ecc60d2f2_s1.mp4,251247,02_pick_up_the_salad_dressing_and_place_it_in_the_basket
cka,success,cka/02_pick_up_the_salad_dressing_and_place_it_in_the_basket/4d476f39-f3a1-4689-bf82-58107b580a2c_s1.mp4,275726,02_pick_up_the_salad_dressing_and_place_it_in_the_basket
cka,success,cka/02_pick_up_the_salad_dressing_and_place_it_in_the_basket/4e7816f2-c40f-4253-b604-b11a9cf5e874_s1.mp4,283912,02_pick_up_the_salad_dressing_and_place_it_in_the_basket
cka,success,cka/02_pick_up_the_salad_dressing_and_place_it_in_the_basket/8aeadacd-455c-4156-ac97-8bc0848939c3_s1.mp4,287073,02_pick_up_the_salad_dressing_and_place_it_in_the_basket
cka,success,cka/02_pick_up_the_salad_dressing_and_place_it_in_the_basket/8e3d92ba-971b-430a-b06b-c548ea0c3a40_s1.mp4,569848,02_pick_up_the_salad_dressing_and_place_it_in_the_basket
cka,success,cka/02_pick_up_the_salad_dressing_and_place_it_in_the_basket/b2021f7e-5820-4bbb-95a3-68f3527cc543_s1.mp4,258257,02_pick_up_the_salad_dressing_and_place_it_in_the_basket
cka,success,cka/02_pick_up_the_salad_dressing_and_place_it_in_the_basket/b6009a71-99e5-4006-9705-ca5d6503181a_s1.mp4,274964,02_pick_up_the_salad_dressing_and_place_it_in_the_basket
cka,success,cka/02_pick_up_the_salad_dressing_and_place_it_in_the_basket/c2bd05d6-c478-4ea3-aa24-dd9331121eda_s1.mp4,286677,02_pick_up_the_salad_dressing_and_place_it_in_the_basket
cka,success,cka/02_pick_up_the_salad_dressing_and_place_it_in_the_basket/d1198822-2ec3-4249-90be-ab2dfe0c8977_s1.mp4,283741,02_pick_up_the_salad_dressing_and_place_it_in_the_basket
cka,success,cka/02_pick_up_the_salad_dressing_and_place_it_in_the_basket/e53a5652-8ba1-4f67-b8a6-8c7dc0a7d3e8_s1.mp4,296013,02_pick_up_the_salad_dressing_and_place_it_in_the_basket
cka,success,cka/02_pick_up_the_salad_dressing_and_place_it_in_the_basket/e5eee067-240b-44dd-9e84-100fdc9305d0_s1.mp4,278825,02_pick_up_the_salad_dressing_and_place_it_in_the_basket
cka,success,cka/02_pick_up_the_salad_dressing_and_place_it_in_the_basket/ec4a0dcb-5220-43a0-9bdf-5757e6b8000b_s1.mp4,245114,02_pick_up_the_salad_dressing_and_place_it_in_the_basket
cka,success,cka/02_pick_up_the_salad_dressing_and_place_it_in_the_basket/efee7726-fb32-4233-a59a-a99cf29986ff_s1.mp4,261955,02_pick_up_the_salad_dressing_and_place_it_in_the_basket
cka,success,cka/02_pick_up_the_salad_dressing_and_place_it_in_the_basket/f6b21690-ace9-4125-a5a0-c8ab6d81e096_s1.mp4,276183,02_pick_up_the_salad_dressing_and_place_it_in_the_basket
cka,success,cka/03_pick_up_the_bbq_sauce_and_place_it_in_the_basket/0cdae0cf-cafd-4183-b710-cf9040d26118_s1.mp4,292599,03_pick_up_the_bbq_sauce_and_place_it_in_the_basket
cka,success,cka/03_pick_up_the_bbq_sauce_and_place_it_in_the_basket/359363ef-395a-4d05-810f-78d418bf2fbb_s1.mp4,286748,03_pick_up_the_bbq_sauce_and_place_it_in_the_basket
cka,success,cka/03_pick_up_the_bbq_sauce_and_place_it_in_the_basket/3d6aea84-7e4c-4751-9227-4a1ef5711114_s1.mp4,286146,03_pick_up_the_bbq_sauce_and_place_it_in_the_basket
cka,success,cka/03_pick_up_the_bbq_sauce_and_place_it_in_the_basket/44696efb-e5b9-407f-8607-dfc19d2714ad_s1.mp4,1058629,03_pick_up_the_bbq_sauce_and_place_it_in_the_basket
cka,success,cka/03_pick_up_the_bbq_sauce_and_place_it_in_the_basket/61868584-a5b3-4b13-ba73-4d8835217e55_s1.mp4,264293,03_pick_up_the_bbq_sauce_and_place_it_in_the_basket
cka,success,cka/03_pick_up_the_bbq_sauce_and_place_it_in_the_basket/6a864247-1f87-48c1-9cf0-693da82f489f_s1.mp4,269532,03_pick_up_the_bbq_sauce_and_place_it_in_the_basket
cka,success,cka/03_pick_up_the_bbq_sauce_and_place_it_in_the_basket/725cef5c-3155-4969-a90c-131d298d1094_s1.mp4,272978,03_pick_up_the_bbq_sauce_and_place_it_in_the_basket
cka,success,cka/03_pick_up_the_bbq_sauce_and_place_it_in_the_basket/788b59e8-9788-4065-86d7-f7d7373495b4_s1.mp4,283353,03_pick_up_the_bbq_sauce_and_place_it_in_the_basket
cka,success,cka/03_pick_up_the_bbq_sauce_and_place_it_in_the_basket/819f82a6-9a8a-4747-a150-f7c32577232d_s1.mp4,268715,03_pick_up_the_bbq_sauce_and_place_it_in_the_basket
cka,success,cka/03_pick_up_the_bbq_sauce_and_place_it_in_the_basket/8a1bcb21-d5bd-41c1-9607-be98a800fc6b_s1.mp4,272233,03_pick_up_the_bbq_sauce_and_place_it_in_the_basket
cka,success,cka/03_pick_up_the_bbq_sauce_and_place_it_in_the_basket/9006be7b-784d-4427-9c3c-ebc7036ece95_s1.mp4,373630,03_pick_up_the_bbq_sauce_and_place_it_in_the_basket
cka,success,cka/03_pick_up_the_bbq_sauce_and_place_it_in_the_basket/99cbaea2-21fa-499a-a836-845f0c912c14_s1.mp4,358089,03_pick_up_the_bbq_sauce_and_place_it_in_the_basket
cka,success,cka/03_pick_up_the_bbq_sauce_and_place_it_in_the_basket/a0e604d6-50b0-4288-8234-3c50e0f5302f_s1.mp4,275259,03_pick_up_the_bbq_sauce_and_place_it_in_the_basket
cka,success,cka/03_pick_up_the_bbq_sauce_and_place_it_in_the_basket/a5301c6b-a0ef-41d6-bdd7-019bcc1101f1_s1.mp4,274506,03_pick_up_the_bbq_sauce_and_place_it_in_the_basket
cka,success,cka/03_pick_up_the_bbq_sauce_and_place_it_in_the_basket/b789223f-4daa-48b6-b375-703cf207a9bb_s1.mp4,281357,03_pick_up_the_bbq_sauce_and_place_it_in_the_basket
cka,success,cka/03_pick_up_the_bbq_sauce_and_place_it_in_the_basket/d02c736e-1829-4c7f-a301-f930f17cd248_s1.mp4,279203,03_pick_up_the_bbq_sauce_and_place_it_in_the_basket
cka,success,cka/03_pick_up_the_bbq_sauce_and_place_it_in_the_basket/d2833e16-ffb2-4069-8d74-d3fb011e17d9_s1.mp4,281595,03_pick_up_the_bbq_sauce_and_place_it_in_the_basket
cka,success,cka/03_pick_up_the_bbq_sauce_and_place_it_in_the_basket/da527e88-c0ca-4d5a-905e-4f516a487c81_s1.mp4,288664,03_pick_up_the_bbq_sauce_and_place_it_in_the_basket
cka,success,cka/03_pick_up_the_bbq_sauce_and_place_it_in_the_basket/f1dc2cf0-db7c-4aa2-b0f2-673eb9aa1468_s1.mp4,368438,03_pick_up_the_bbq_sauce_and_place_it_in_the_basket
cka,success,cka/03_pick_up_the_bbq_sauce_and_place_it_in_the_basket/f67b9be5-74e2-419a-b2f1-83ce3506bbfb_s1.mp4,354821,03_pick_up_the_bbq_sauce_and_place_it_in_the_basket
cka,success,cka/04_pick_up_the_ketchup_and_place_it_in_the_basket/32d9e139-9ce3-4882-b88e-a186ae200ae6_s1.mp4,289935,04_pick_up_the_ketchup_and_place_it_in_the_basket
cka,success,cka/04_pick_up_the_ketchup_and_place_it_in_the_basket/34501448-699a-41cf-a8da-cf8a0cd23857_s1.mp4,310652,04_pick_up_the_ketchup_and_place_it_in_the_basket
cka,success,cka/04_pick_up_the_ketchup_and_place_it_in_the_basket/4019f689-ba83-4974-9778-dd21a52458e2_s1.mp4,289935,04_pick_up_the_ketchup_and_place_it_in_the_basket
cka,success,cka/04_pick_up_the_ketchup_and_place_it_in_the_basket/457a679d-5c30-4c09-ac03-393fc46af94a_s1.mp4,296685,04_pick_up_the_ketchup_and_place_it_in_the_basket
cka,success,cka/04_pick_up_the_ketchup_and_place_it_in_the_basket/507605f1-1128-4d8a-b971-8e92dcb381c4_s1.mp4,281520,04_pick_up_the_ketchup_and_place_it_in_the_basket
cka,success,cka/04_pick_up_the_ketchup_and_place_it_in_the_basket/592518d7-5b4d-412c-957e-14a160b54d4a_s1.mp4,287187,04_pick_up_the_ketchup_and_place_it_in_the_basket
cka,success,cka/04_pick_up_the_ketchup_and_place_it_in_the_basket/72b78e7a-6def-48ca-9514-fd644b640e2b_s1.mp4,285674,04_pick_up_the_ketchup_and_place_it_in_the_basket
cka,success,cka/04_pick_up_the_ketchup_and_place_it_in_the_basket/7fae3e4e-6a32-43c0-ac44-3fc23aaae32e_s1.mp4,308352,04_pick_up_the_ketchup_and_place_it_in_the_basket
cka,success,cka/04_pick_up_the_ketchup_and_place_it_in_the_basket/8ec8b6d4-f44a-459d-a08c-b1bd83234a10_s1.mp4,294872,04_pick_up_the_ketchup_and_place_it_in_the_basket
cka,success,cka/04_pick_up_the_ketchup_and_place_it_in_the_basket/8ef61892-0f98-4559-9a64-ed0c7a007ce9_s1.mp4,286523,04_pick_up_the_ketchup_and_place_it_in_the_basket
cka,success,cka/04_pick_up_the_ketchup_and_place_it_in_the_basket/95a0aeed-7d31-419a-bf78-633161f0c59f_s1.mp4,295980,04_pick_up_the_ketchup_and_place_it_in_the_basket
cka,success,cka/04_pick_up_the_ketchup_and_place_it_in_the_basket/af9d5ee1-2972-4aa9-8a46-d01b32ab8e00_s1.mp4,289923,04_pick_up_the_ketchup_and_place_it_in_the_basket
cka,success,cka/04_pick_up_the_ketchup_and_place_it_in_the_basket/b0368741-2646-4889-a12d-96660b48f723_s1.mp4,290247,04_pick_up_the_ketchup_and_place_it_in_the_basket
cka,success,cka/04_pick_up_the_ketchup_and_place_it_in_the_basket/b8265b9e-1f59-4ea9-97a8-e272e087913e_s1.mp4,280138,04_pick_up_the_ketchup_and_place_it_in_the_basket
cka,success,cka/04_pick_up_the_ketchup_and_place_it_in_the_basket/d49ca672-d544-4944-8304-a3bbee5c8722_s1.mp4,291047,04_pick_up_the_ketchup_and_place_it_in_the_basket
cka,success,cka/04_pick_up_the_ketchup_and_place_it_in_the_basket/d5332f67-873d-43d5-8ac5-af8de61740c4_s1.mp4,297359,04_pick_up_the_ketchup_and_place_it_in_the_basket
cka,success,cka/04_pick_up_the_ketchup_and_place_it_in_the_basket/d54542af-18ce-4065-90cc-56a28d52ee4c_s1.mp4,299542,04_pick_up_the_ketchup_and_place_it_in_the_basket
cka,success,cka/04_pick_up_the_ketchup_and_place_it_in_the_basket/de9b63f4-0b2b-4d18-94cd-c9a461f238bc_s1.mp4,297412,04_pick_up_the_ketchup_and_place_it_in_the_basket
cka,success,cka/04_pick_up_the_ketchup_and_place_it_in_the_basket/f4495e9c-c72f-41f2-bb7b-db1cc34e55dd_s1.mp4,314988,04_pick_up_the_ketchup_and_place_it_in_the_basket
cka,success,cka/04_pick_up_the_ketchup_and_place_it_in_the_basket/f857056f-b766-4ecf-b981-fc85661852e9_s1.mp4,281680,04_pick_up_the_ketchup_and_place_it_in_the_basket
cka,success,cka/05_pick_up_the_tomato_sauce_and_place_it_in_the_basket/19033192-e8eb-442e-8f28-50ed4d37ed90_s1.mp4,282492,05_pick_up_the_tomato_sauce_and_place_it_in_the_basket
cka,success,cka/05_pick_up_the_tomato_sauce_and_place_it_in_the_basket/2c9a4496-74d6-4f24-bc1a-9c8478e0df4b_s1.mp4,341349,05_pick_up_the_tomato_sauce_and_place_it_in_the_basket
cka,success,cka/05_pick_up_the_tomato_sauce_and_place_it_in_the_basket/341f48f1-3aa5-4c44-88c7-04e2c7932e4f_s1.mp4,353809,05_pick_up_the_tomato_sauce_and_place_it_in_the_basket
cka,success,cka/05_pick_up_the_tomato_sauce_and_place_it_in_the_basket/4e64ccf6-cb1c-4cdb-9a3d-a8e0f0dfc0f8_s1.mp4,370279,05_pick_up_the_tomato_sauce_and_place_it_in_the_basket
cka,success,cka/05_pick_up_the_tomato_sauce_and_place_it_in_the_basket/50d7c805-3054-495a-83b5-4b962e241251_s1.mp4,287513,05_pick_up_the_tomato_sauce_and_place_it_in_the_basket
cka,success,cka/05_pick_up_the_tomato_sauce_and_place_it_in_the_basket/53d4b8d5-2ccf-4e4d-bedb-6eaf44d8911b_s1.mp4,346988,05_pick_up_the_tomato_sauce_and_place_it_in_the_basket
cka,success,cka/05_pick_up_the_tomato_sauce_and_place_it_in_the_basket/5d6050d6-f9d3-4342-b27b-c6c503e06f23_s1.mp4,311430,05_pick_up_the_tomato_sauce_and_place_it_in_the_basket
cka,success,cka/05_pick_up_the_tomato_sauce_and_place_it_in_the_basket/5e5f1e00-4a35-4a27-873b-7f23f943df16_s1.mp4,288419,05_pick_up_the_tomato_sauce_and_place_it_in_the_basket
cka,success,cka/05_pick_up_the_tomato_sauce_and_place_it_in_the_basket/87511377-6147-4694-9738-b13b20589e49_s1.mp4,348746,05_pick_up_the_tomato_sauce_and_place_it_in_the_basket
cka,success,cka/05_pick_up_the_tomato_sauce_and_place_it_in_the_basket/98beb27f-e42f-4d3a-bfaf-84df9ff06771_s1.mp4,305076,05_pick_up_the_tomato_sauce_and_place_it_in_the_basket
cka,success,cka/05_pick_up_the_tomato_sauce_and_place_it_in_the_basket/9aa48bf0-0f36-4c27-b77b-45c7b36b375f_s1.mp4,299413,05_pick_up_the_tomato_sauce_and_place_it_in_the_basket
cka,success,cka/05_pick_up_the_tomato_sauce_and_place_it_in_the_basket/9eb1a670-c54f-44f2-98d0-281ecc38bb20_s1.mp4,363871,05_pick_up_the_tomato_sauce_and_place_it_in_the_basket
cka,success,cka/05_pick_up_the_tomato_sauce_and_place_it_in_the_basket/9ee22aad-03c0-4f82-8f4f-e3589177a842_s1.mp4,307128,05_pick_up_the_tomato_sauce_and_place_it_in_the_basket
cka,success,cka/05_pick_up_the_tomato_sauce_and_place_it_in_the_basket/b0a2b442-d2d2-4386-ab55-c665fd3d559d_s1.mp4,277626,05_pick_up_the_tomato_sauce_and_place_it_in_the_basket
cka,success,cka/05_pick_up_the_tomato_sauce_and_place_it_in_the_basket/b7328187-6074-472e-9487-bca8e6aaf5a2_s1.mp4,367700,05_pick_up_the_tomato_sauce_and_place_it_in_the_basket
cka,success,cka/05_pick_up_the_tomato_sauce_and_place_it_in_the_basket/ca874e1b-60e9-499b-8f7b-ad8f10380aa8_s1.mp4,308701,05_pick_up_the_tomato_sauce_and_place_it_in_the_basket
cka,success,cka/05_pick_up_the_tomato_sauce_and_place_it_in_the_basket/d00127fc-7b1c-499d-832b-61ec61995fa8_s1.mp4,300906,05_pick_up_the_tomato_sauce_and_place_it_in_the_basket
cka,success,cka/05_pick_up_the_tomato_sauce_and_place_it_in_the_basket/d9f05ee0-f0b8-4734-8e05-5a8eb9475d8a_s1.mp4,295967,05_pick_up_the_tomato_sauce_and_place_it_in_the_basket
cka,success,cka/05_pick_up_the_tomato_sauce_and_place_it_in_the_basket/df894a50-1671-4ef2-9f57-cf39e9906536_s1.mp4,322722,05_pick_up_the_tomato_sauce_and_place_it_in_the_basket
cka,success,cka/05_pick_up_the_tomato_sauce_and_place_it_in_the_basket/e4723787-270f-47c6-85ad-c9a6f9f03d6d_s1.mp4,406481,05_pick_up_the_tomato_sauce_and_place_it_in_the_basket
cka,success,cka/06_pick_up_the_butter_and_place_it_in_the_basket/079c689e-9554-4391-874a-396efa0b4e72_s1.mp4,342289,06_pick_up_the_butter_and_place_it_in_the_basket
cka,success,cka/06_pick_up_the_butter_and_place_it_in_the_basket/1d16c42e-376a-435a-8d05-492995cff552_s1.mp4,327721,06_pick_up_the_butter_and_place_it_in_the_basket
cka,success,cka/06_pick_up_the_butter_and_place_it_in_the_basket/2de23a9e-efc8-4083-ac79-e9e5bbbd4e38_s1.mp4,296817,06_pick_up_the_butter_and_place_it_in_the_basket
cka,success,cka/06_pick_up_the_butter_and_place_it_in_the_basket/39ec51cf-6af3-450b-8e1b-9273266dda49_s1.mp4,564772,06_pick_up_the_butter_and_place_it_in_the_basket
cka,success,cka/06_pick_up_the_butter_and_place_it_in_the_basket/420c495c-bbcd-4447-acc8-3213d28445fc_s1.mp4,358110,06_pick_up_the_butter_and_place_it_in_the_basket
cka,success,cka/06_pick_up_the_butter_and_place_it_in_the_basket/66d51547-48fa-4e72-8778-93fb1a67a94d_s1.mp4,477967,06_pick_up_the_butter_and_place_it_in_the_basket
cka,success,cka/06_pick_up_the_butter_and_place_it_in_the_basket/693ee81e-496f-45da-b50e-386886601e0d_s1.mp4,299080,06_pick_up_the_butter_and_place_it_in_the_basket
cka,success,cka/06_pick_up_the_butter_and_place_it_in_the_basket/71158da8-0173-4e25-b9ee-f548360f3a08_s1.mp4,296903,06_pick_up_the_butter_and_place_it_in_the_basket
cka,success,cka/06_pick_up_the_butter_and_place_it_in_the_basket/78a9e0cd-079c-4220-9a33-25da1b395296_s1.mp4,351306,06_pick_up_the_butter_and_place_it_in_the_basket
cka,success,cka/06_pick_up_the_butter_and_place_it_in_the_basket/84a49675-8d1e-4086-8058-7e038762e894_s1.mp4,341617,06_pick_up_the_butter_and_place_it_in_the_basket
cka,success,cka/06_pick_up_the_butter_and_place_it_in_the_basket/8e631170-38a6-41cc-83b5-6b8af43d6438_s1.mp4,366801,06_pick_up_the_butter_and_place_it_in_the_basket
cka,success,cka/06_pick_up_the_butter_and_place_it_in_the_basket/9c2fecb1-31c7-4dd0-832b-689f860ee5b5_s1.mp4,343447,06_pick_up_the_butter_and_place_it_in_the_basket
cka,success,cka/06_pick_up_the_butter_and_place_it_in_the_basket/9ed9221e-2733-427d-b8f7-e772ea2ba8a1_s1.mp4,350579,06_pick_up_the_butter_and_place_it_in_the_basket
cka,success,cka/06_pick_up_the_butter_and_place_it_in_the_basket/a9c4fa52-c79a-4b9f-a3ed-f44201889802_s1.mp4,336942,06_pick_up_the_butter_and_place_it_in_the_basket
cka,success,cka/06_pick_up_the_butter_and_place_it_in_the_basket/ae632e4c-abd7-4f9a-b97d-3c3a451b229e_s1.mp4,362301,06_pick_up_the_butter_and_place_it_in_the_basket
cka,success,cka/06_pick_up_the_butter_and_place_it_in_the_basket/c0f6dbbe-743c-4c83-b15c-a3da2c7bb17e_s1.mp4,368857,06_pick_up_the_butter_and_place_it_in_the_basket
cka,success,cka/06_pick_up_the_butter_and_place_it_in_the_basket/c1f57af1-48cc-4de2-a143-d65613f32154_s1.mp4,435445,06_pick_up_the_butter_and_place_it_in_the_basket
cka,success,cka/06_pick_up_the_butter_and_place_it_in_the_basket/c779d72e-fe07-415f-b071-3995ba28ed47_s1.mp4,357406,06_pick_up_the_butter_and_place_it_in_the_basket
cka,success,cka/06_pick_up_the_butter_and_place_it_in_the_basket/f4ef46cf-aa63-4b95-842b-3ac6f09e3f6f_s1.mp4,350486,06_pick_up_the_butter_and_place_it_in_the_basket
cka,fail,cka/06_pick_up_the_butter_and_place_it_in_the_basket/f5e67a74-03ca-45c2-bcd5-f419cf401221_s0.mp4,1450591,06_pick_up_the_butter_and_place_it_in_the_basket
cka,success,cka/07_pick_up_the_milk_and_place_it_in_the_basket/1aa35d20-c9a2-474b-b1e2-020af8035203_s1.mp4,312485,07_pick_up_the_milk_and_place_it_in_the_basket
cka,success,cka/07_pick_up_the_milk_and_place_it_in_the_basket/1c7ecc74-49d3-4156-bb21-51f5942966dd_s1.mp4,275959,07_pick_up_the_milk_and_place_it_in_the_basket
cka,success,cka/07_pick_up_the_milk_and_place_it_in_the_basket/231bfa52-3b6f-4ac5-a618-e2ea1e252aaa_s1.mp4,284496,07_pick_up_the_milk_and_place_it_in_the_basket
cka,success,cka/07_pick_up_the_milk_and_place_it_in_the_basket/28ba3aea-f84f-44b1-8b58-77d0ea9a391e_s1.mp4,293393,07_pick_up_the_milk_and_place_it_in_the_basket
cka,success,cka/07_pick_up_the_milk_and_place_it_in_the_basket/3c9a4f4b-880c-4aec-b8d2-d410bb015f23_s1.mp4,293175,07_pick_up_the_milk_and_place_it_in_the_basket
cka,success,cka/07_pick_up_the_milk_and_place_it_in_the_basket/3ec178de-5b0f-411e-88f3-e721f164d83e_s1.mp4,308050,07_pick_up_the_milk_and_place_it_in_the_basket
cka,success,cka/07_pick_up_the_milk_and_place_it_in_the_basket/440e54e0-ba51-4dbf-b682-7798fcd4a3df_s1.mp4,275861,07_pick_up_the_milk_and_place_it_in_the_basket
cka,success,cka/07_pick_up_the_milk_and_place_it_in_the_basket/44d3f986-de22-4e0c-860d-0c9400f2613b_s1.mp4,309338,07_pick_up_the_milk_and_place_it_in_the_basket
cka,success,cka/07_pick_up_the_milk_and_place_it_in_the_basket/46fe12d2-1fa2-48f8-b7fa-fb0a81745200_s1.mp4,288115,07_pick_up_the_milk_and_place_it_in_the_basket
cka,success,cka/07_pick_up_the_milk_and_place_it_in_the_basket/564119da-4630-43ac-8215-8c72524aef8f_s1.mp4,284848,07_pick_up_the_milk_and_place_it_in_the_basket
cka,success,cka/07_pick_up_the_milk_and_place_it_in_the_basket/6bc78a37-a8e8-4274-a029-5b1f415018ec_s1.mp4,299093,07_pick_up_the_milk_and_place_it_in_the_basket
cka,success,cka/07_pick_up_the_milk_and_place_it_in_the_basket/82a6356d-2582-4434-9f7f-4b72f3248a4c_s1.mp4,289968,07_pick_up_the_milk_and_place_it_in_the_basket
cka,success,cka/07_pick_up_the_milk_and_place_it_in_the_basket/8506c7b5-0b46-46cf-b92d-30dc803ef972_s1.mp4,296101,07_pick_up_the_milk_and_place_it_in_the_basket
cka,success,cka/07_pick_up_the_milk_and_place_it_in_the_basket/85d9c1b5-e662-488b-8ca8-25140a74a371_s1.mp4,310133,07_pick_up_the_milk_and_place_it_in_the_basket
cka,success,cka/07_pick_up_the_milk_and_place_it_in_the_basket/87c5a7e2-ac54-4e15-80f6-78e929f36be4_s1.mp4,279546,07_pick_up_the_milk_and_place_it_in_the_basket
cka,success,cka/07_pick_up_the_milk_and_place_it_in_the_basket/8d1254b5-bb00-47bd-92ed-49fc4a051381_s1.mp4,301524,07_pick_up_the_milk_and_place_it_in_the_basket
cka,success,cka/07_pick_up_the_milk_and_place_it_in_the_basket/a242a300-6276-49c2-a4d9-f44f03aa3cb5_s1.mp4,321058,07_pick_up_the_milk_and_place_it_in_the_basket
cka,success,cka/07_pick_up_the_milk_and_place_it_in_the_basket/a3a68418-0cdd-47fd-bb2c-d5ae7e5c6af0_s1.mp4,304863,07_pick_up_the_milk_and_place_it_in_the_basket
cka,success,cka/07_pick_up_the_milk_and_place_it_in_the_basket/d0b6602b-c624-4bb5-95e9-b7d163cd7756_s1.mp4,280461,07_pick_up_the_milk_and_place_it_in_the_basket
cka,success,cka/07_pick_up_the_milk_and_place_it_in_the_basket/dabc6487-dfa5-4186-821d-00782ec5f87a_s1.mp4,274584,07_pick_up_the_milk_and_place_it_in_the_basket
cka,success,cka/08_pick_up_the_chocolate_pudding_and_place_it_in_the_basket/10caff2a-98ef-4313-b48d-5a5771df6337_s1.mp4,316139,08_pick_up_the_chocolate_pudding_and_place_it_in_the_basket
cka,success,cka/08_pick_up_the_chocolate_pudding_and_place_it_in_the_basket/24e0e674-7406-4c9b-ae57-52efe13b88eb_s1.mp4,365169,08_pick_up_the_chocolate_pudding_and_place_it_in_the_basket
cka,success,cka/08_pick_up_the_chocolate_pudding_and_place_it_in_the_basket/25a5a7ad-4017-4d1f-82b0-046e115321d1_s1.mp4,393025,08_pick_up_the_chocolate_pudding_and_place_it_in_the_basket
cka,success,cka/08_pick_up_the_chocolate_pudding_and_place_it_in_the_basket/39596b8a-4dd0-4842-bc12-1648fb2a24d9_s1.mp4,323734,08_pick_up_the_chocolate_pudding_and_place_it_in_the_basket
cka,success,cka/08_pick_up_the_chocolate_pudding_and_place_it_in_the_basket/452a55be-b35f-470a-b57e-e02499492713_s1.mp4,321474,08_pick_up_the_chocolate_pudding_and_place_it_in_the_basket
cka,success,cka/08_pick_up_the_chocolate_pudding_and_place_it_in_the_basket/4aa2baf2-ff85-42bd-89fe-59adb55accea_s1.mp4,314782,08_pick_up_the_chocolate_pudding_and_place_it_in_the_basket
cka,success,cka/08_pick_up_the_chocolate_pudding_and_place_it_in_the_basket/504d3985-c797-40aa-a462-ba13990e62dd_s1.mp4,348775,08_pick_up_the_chocolate_pudding_and_place_it_in_the_basket
cka,success,cka/08_pick_up_the_chocolate_pudding_and_place_it_in_the_basket/5cb3af50-786c-4a23-a51e-332b00af08e9_s1.mp4,297423,08_pick_up_the_chocolate_pudding_and_place_it_in_the_basket
cka,success,cka/08_pick_up_the_chocolate_pudding_and_place_it_in_the_basket/5cd45302-d244-4b2c-b17e-26d84c103386_s1.mp4,315726,08_pick_up_the_chocolate_pudding_and_place_it_in_the_basket
cka,success,cka/08_pick_up_the_chocolate_pudding_and_place_it_in_the_basket/6f304c33-4cf7-4f53-a8e0-3fd1fc5b8c7d_s1.mp4,297600,08_pick_up_the_chocolate_pudding_and_place_it_in_the_basket
cka,success,cka/08_pick_up_the_chocolate_pudding_and_place_it_in_the_basket/7fc7b078-844b-4ade-af21-1b5b00c26293_s1.mp4,345646,08_pick_up_the_chocolate_pudding_and_place_it_in_the_basket
cka,success,cka/08_pick_up_the_chocolate_pudding_and_place_it_in_the_basket/a1d80150-97fc-4ceb-a903-9f0a34354f43_s1.mp4,347666,08_pick_up_the_chocolate_pudding_and_place_it_in_the_basket
cka,success,cka/08_pick_up_the_chocolate_pudding_and_place_it_in_the_basket/b21d6ec9-f2cf-403d-92f4-ae388de098e6_s1.mp4,300343,08_pick_up_the_chocolate_pudding_and_place_it_in_the_basket
cka,success,cka/08_pick_up_the_chocolate_pudding_and_place_it_in_the_basket/b85680c9-dfff-428b-b8e6-74ca116f26b0_s1.mp4,311855,08_pick_up_the_chocolate_pudding_and_place_it_in_the_basket
cka,success,cka/08_pick_up_the_chocolate_pudding_and_place_it_in_the_basket/cbbee1be-61f5-4afa-8afb-eb544298c932_s1.mp4,328371,08_pick_up_the_chocolate_pudding_and_place_it_in_the_basket
cka,success,cka/08_pick_up_the_chocolate_pudding_and_place_it_in_the_basket/e34c094b-229f-436f-a316-86ba84627570_s1.mp4,315226,08_pick_up_the_chocolate_pudding_and_place_it_in_the_basket
cka,success,cka/08_pick_up_the_chocolate_pudding_and_place_it_in_the_basket/eba17e7c-4499-4c21-b758-e486f4d2a2a7_s1.mp4,332850,08_pick_up_the_chocolate_pudding_and_place_it_in_the_basket
cka,success,cka/08_pick_up_the_chocolate_pudding_and_place_it_in_the_basket/f043c38b-1ff3-449e-b5d0-fedd1287f2d6_s1.mp4,340704,08_pick_up_the_chocolate_pudding_and_place_it_in_the_basket
cka,success,cka/08_pick_up_the_chocolate_pudding_and_place_it_in_the_basket/f8ac8fbc-1fcc-4594-9375-a7933bc5a0ab_s1.mp4,292610,08_pick_up_the_chocolate_pudding_and_place_it_in_the_basket
cka,success,cka/08_pick_up_the_chocolate_pudding_and_place_it_in_the_basket/fb3c46bf-adf9-4b61-a5a2-47766fe914c5_s1.mp4,393192,08_pick_up_the_chocolate_pudding_and_place_it_in_the_basket
cka,success,cka/09_pick_up_the_orange_juice_and_place_it_in_the_basket/112d8d7c-77d8-4dae-8cbc-3063174358e2_s1.mp4,255564,09_pick_up_the_orange_juice_and_place_it_in_the_basket
cka,success,cka/09_pick_up_the_orange_juice_and_place_it_in_the_basket/11ab6ee6-b54a-40c5-a7aa-980227c5a7be_s1.mp4,283249,09_pick_up_the_orange_juice_and_place_it_in_the_basket
cka,success,cka/09_pick_up_the_orange_juice_and_place_it_in_the_basket/1314bc29-6488-4184-8563-a7ab14f1a539_s1.mp4,268090,09_pick_up_the_orange_juice_and_place_it_in_the_basket
cka,success,cka/09_pick_up_the_orange_juice_and_place_it_in_the_basket/1ffa435a-caab-4d9b-9ba5-5a9e14c0bac2_s1.mp4,278380,09_pick_up_the_orange_juice_and_place_it_in_the_basket
cka,success,cka/09_pick_up_the_orange_juice_and_place_it_in_the_basket/26139dd0-b29e-4c47-ab0b-5c9179908396_s1.mp4,253513,09_pick_up_the_orange_juice_and_place_it_in_the_basket
cka,success,cka/09_pick_up_the_orange_juice_and_place_it_in_the_basket/362ebe2f-05ed-4d85-bd09-50b0a4626a3b_s1.mp4,304571,09_pick_up_the_orange_juice_and_place_it_in_the_basket
cka,success,cka/09_pick_up_the_orange_juice_and_place_it_in_the_basket/6130c103-78f2-4319-859f-c9f83d03cd65_s1.mp4,268159,09_pick_up_the_orange_juice_and_place_it_in_the_basket
cka,success,cka/09_pick_up_the_orange_juice_and_place_it_in_the_basket/62a04ae5-54dc-4e4a-bb7b-97248b86240a_s1.mp4,308080,09_pick_up_the_orange_juice_and_place_it_in_the_basket
cka,success,cka/09_pick_up_the_orange_juice_and_place_it_in_the_basket/7a5f7786-e465-4ae3-89f9-db888f5e26b8_s1.mp4,275897,09_pick_up_the_orange_juice_and_place_it_in_the_basket
cka,success,cka/09_pick_up_the_orange_juice_and_place_it_in_the_basket/8819c73e-f506-4135-af03-b8d7512762dc_s1.mp4,303147,09_pick_up_the_orange_juice_and_place_it_in_the_basket
cka,success,cka/09_pick_up_the_orange_juice_and_place_it_in_the_basket/8b7a3574-6544-4d1c-85c8-074ab07168b6_s1.mp4,278265,09_pick_up_the_orange_juice_and_place_it_in_the_basket
cka,success,cka/09_pick_up_the_orange_juice_and_place_it_in_the_basket/a9056158-5b17-4ef6-80d4-1ff9edbddde5_s1.mp4,299179,09_pick_up_the_orange_juice_and_place_it_in_the_basket
cka,success,cka/09_pick_up_the_orange_juice_and_place_it_in_the_basket/aa6fb7f6-4d97-433a-9770-fe72e55721fd_s1.mp4,286379,09_pick_up_the_orange_juice_and_place_it_in_the_basket
cka,success,cka/09_pick_up_the_orange_juice_and_place_it_in_the_basket/ab0e8876-5899-44e5-9a2f-527746543332_s1.mp4,287057,09_pick_up_the_orange_juice_and_place_it_in_the_basket
cka,success,cka/09_pick_up_the_orange_juice_and_place_it_in_the_basket/ad163dbb-0297-422c-b47c-92e86884417c_s1.mp4,261252,09_pick_up_the_orange_juice_and_place_it_in_the_basket
cka,success,cka/09_pick_up_the_orange_juice_and_place_it_in_the_basket/b4d62326-db5b-41e2-b98d-0dc171072c68_s1.mp4,402398,09_pick_up_the_orange_juice_and_place_it_in_the_basket
cka,success,cka/09_pick_up_the_orange_juice_and_place_it_in_the_basket/e66a9f6d-bfb1-4f28-961c-f56a0e8f16a9_s1.mp4,294466,09_pick_up_the_orange_juice_and_place_it_in_the_basket
cka,success,cka/09_pick_up_the_orange_juice_and_place_it_in_the_basket/e809ed05-eddc-4ad7-ad7e-19786d6d243e_s1.mp4,292731,09_pick_up_the_orange_juice_and_place_it_in_the_basket
cka,success,cka/09_pick_up_the_orange_juice_and_place_it_in_the_basket/ee6a10c3-e9ff-49bb-980b-5395606357d5_s1.mp4,250773,09_pick_up_the_orange_juice_and_place_it_in_the_basket
cka,success,cka/09_pick_up_the_orange_juice_and_place_it_in_the_basket/fe41d31e-3b7c-427c-8f65-436d2c680e99_s1.mp4,365544,09_pick_up_the_orange_juice_and_place_it_in_the_basket
