variant,trajectory_id,step,seed,latency_ms,peak_allocated_gib,peak_reserved_gib,mse,mae
baseline,13,0,13000042,200.18880900011027,5.949621200561523,6.041015625,0.0002864732814487,0.0106751127168536
baseline,13,8,13000050,198.74671900015528,5.949621200561523,6.041015625,0.0001023715449264,0.0055091204121708
baseline,13,16,13000058,199.16033099980268,5.949621200561523,6.041015625,0.0001243304432136,0.0055868434719741
baseline,13,24,13000066,198.07976699985372,5.949621200561523,6.041015625,0.0002780141367111,0.0100738490000367
baseline,13,32,13000074,198.598316000016,5.949621200561523,6.041015625,0.0009794676443561,0.0169847067445516
baseline,13,40,13000082,195.90550399993845,5.949621200561523,6.041015625,0.0001723951718304,0.0080370875075459
baseline,13,48,13000090,199.3678750000072,5.949621200561523,6.041015625,0.0004758280119858,0.0139765059575438
baseline,13,56,13000098,197.05865000014452,5.949621200561523,6.041015625,0.0005547058535739,0.0159193612635135
baseline,2,0,2000042,201.5097490000244,5.951632499694824,6.041015625,0.0006244895630516,0.0151272574439644
baseline,2,8,2000050,196.52530400003343,5.951632499694824,6.041015625,0.0001758416183292,0.0082483142614364
baseline,2,16,2000058,198.45111099994028,5.951632499694824,6.041015625,0.0001348665682598,0.0067439130507409
baseline,2,24,2000066,199.59274200004984,5.951632499694824,6.041015625,0.0005963022122159,0.0132906576618552
baseline,2,32,2000074,197.3424489999616,5.951632499694824,6.041015625,0.0005617812275886,0.0131492745131254
baseline,2,40,2000082,197.1307549999892,5.951632499694824,6.041015625,0.0002407511638011,0.0098988581448793
baseline,2,48,2000090,200.0290729999961,5.951632499694824,6.041015625,0.0002035429643001,0.00933438539505
baseline,2,56,2000098,198.81714000007375,5.951632499694824,6.041015625,0.0005029122112318,0.0130766630172729
baseline,4,0,4000042,201.1096789999556,5.949621200561523,6.041015625,0.0003242120728828,0.0108690308406949
baseline,4,8,4000050,198.5019609999199,5.949621200561523,6.041015625,0.0006542430492118,0.0151793882250785
baseline,4,16,4000058,195.91974899981324,5.949621200561523,6.041015625,0.0001839629694586,0.0084381746128201
baseline,4,24,4000066,197.4422220000633,5.949621200561523,6.041015625,0.0002674316347111,0.0098509667441248
baseline,4,32,4000074,196.8917430001511,5.949621200561523,6.041015625,0.0001832378475228,0.0085834460332989
baseline,4,40,4000082,200.4876200001036,5.949621200561523,6.041015625,0.0003334807988721,0.0104689691215753
baseline,4,48,4000090,196.9331020000027,5.949621200561523,6.041015625,0.0003652466984931,0.0125563498586416
baseline,4,56,4000098,199.94162900002263,5.949621200561523,6.041015625,0.0010825756471604,0.0190086308866739
baseline,8,0,8000042,205.56987600002685,5.948795795440674,6.041015625,0.0009295289055444,0.0180312823504209
baseline,8,8,8000050,192.51545499992065,5.948795795440674,6.041015625,0.000151352272951,0.0069963941350579
baseline,8,16,8000058,199.118967000004,5.948795795440674,6.041015625,0.0002890003670472,0.0102905416861176
baseline,8,24,8000066,197.3884829999406,5.948795795440674,6.041015625,0.0004160513053648,0.0122149316594004
baseline,8,32,8000074,196.93071099982265,5.948795795440674,6.041015625,0.0005192373646423,0.0148864733055233
baseline,8,40,8000082,198.921091000102,5.948795795440674,6.041015625,0.0002864182461053,0.0102520957589149
baseline,8,48,8000090,199.24522700011948,5.948795795440674,6.041015625,0.0003146525123156,0.0110988104715943
baseline,8,56,8000098,198.23575100008384,5.948795795440674,6.041015625,0.0001828616223065,0.0090721296146512
baseline,12,0,12000042,198.12083700003316,5.951632499694824,6.041015625,0.0002088484907289,0.0086166560649871
baseline,12,8,12000050,197.99033399999644,5.951632499694824,6.041015625,0.0001175305224023,0.0062360293231904
baseline,12,16,12000058,195.8970500002124,5.951632499694824,6.041015625,0.0001144190828199,0.0058598280884325
baseline,12,24,12000066,196.68039699990916,5.951632499694824,6.041015625,0.0001607586018508,0.008230603300035
baseline,12,32,12000074,196.08751300006588,5.951632499694824,6.041015625,0.0005789570859633,0.0143009889870882
baseline,12,40,12000082,195.60499500016704,5.951632499694824,6.041015625,0.0006559579633176,0.0157247353345155
baseline,12,48,12000090,198.09008800007177,5.951632499694824,6.041015625,0.0003342349373269,0.0107925534248352
baseline,12,56,12000098,197.05028199996377,5.951632499694824,6.041015625,0.0001761946186888,0.0088995546102523
baseline,18,0,18000042,197.05771200005984,5.94920825958252,6.041015625,0.0005078447284176,0.0118917543441057
baseline,18,8,18000050,197.8877439998996,5.94920825958252,6.041015625,7.17897346476093e-05,0.004979564808309
baseline,18,16,18000058,195.3059750001103,5.94920825958252,6.041015625,0.000145409911056,0.0069071128964424
baseline,18,24,18000066,196.6476669999793,5.94920825958252,6.041015625,0.0001540833472972,0.0064402553252875
baseline,18,32,18000074,195.0934789999792,5.94920825958252,6.041015625,0.0002209695958299,0.0085454145446419
baseline,18,40,18000082,194.3050110000968,5.94920825958252,6.041015625,0.0095867002382874,0.0241350568830966
baseline,18,48,18000090,194.08077000002777,5.94920825958252,6.041015625,0.0002372509334236,0.0094284666702151
baseline,18,56,18000098,194.1255439999168,5.94920825958252,6.041015625,0.0003566093801055,0.0112485392019152
baseline,24,0,24000042,194.3185000000085,5.94920825958252,6.041015625,0.0027780777309089,0.0265700817108154
baseline,24,8,24000050,194.7671610000725,5.94920825958252,6.041015625,0.0005791162257082,0.0158234126865863
baseline,24,16,24000058,195.63110000012784,5.94920825958252,6.041015625,0.000287471077172,0.0094326799735426
baseline,24,24,24000066,195.9112350000396,5.94920825958252,6.041015625,0.0002491537015885,0.0094422902911901
baseline,24,32,24000074,196.2862269999732,5.94920825958252,6.041015625,0.0003726258873939,0.0102897053584456
baseline,24,40,24000082,194.0343359999588,5.94920825958252,6.041015625,0.000163866134244,0.0073624001815915
baseline,24,48,24000090,197.9669100001047,5.94920825958252,6.041015625,0.0003692651807796,0.0120350141078233
baseline,24,56,24000098,197.0556520000173,5.94920825958252,6.041015625,0.0003343116841278,0.0121423387899994
baseline,25,0,25000042,198.07095099986327,5.950033664703369,6.041015625,0.0002138204727089,0.0089627671986818
baseline,25,8,25000050,199.7490859998834,5.950033664703369,6.041015625,0.0003305364807602,0.0108044613152742
baseline,25,16,25000058,196.64310100006333,5.950033664703369,6.041015625,0.00017496086366,0.0081944717094302
baseline,25,24,25000066,198.4413110001242,5.950033664703369,6.041015625,0.0004890352720394,0.0136045729741454
baseline,25,32,25000074,202.06993400006468,5.950033664703369,6.041015625,0.0001474189630243,0.0072024720720946
baseline,25,40,25000082,196.71287200003465,5.950033664703369,6.041015625,0.0001322441094089,0.0076550818048417
baseline,25,48,25000090,217.32405599982485,5.950033664703369,6.041015625,0.0002189022488892,0.0101410103961825
baseline,25,56,25000098,197.5740749999204,5.950033664703369,6.041015625,0.0002542649453971,0.0100692445412278
baseline,26,0,26000042,198.2667950001087,5.948795795440674,6.041015625,0.0002470051695127,0.0097796637564897
baseline,26,8,26000050,198.88177600000745,5.948795795440674,6.041015625,0.0003524170315358,0.0110507206991314
baseline,26,16,26000058,198.22768599988197,5.948795795440674,6.041015625,8.447316940873861e-05,0.0052466168999671
baseline,26,24,26000066,198.25317300001188,5.948795795440674,6.041015625,0.0002813294122461,0.0100832777097821
baseline,26,32,26000074,197.26436099995223,5.948795795440674,6.041015625,0.000212273094803,0.0089674666523933
baseline,26,40,26000082,196.38664199987943,5.948795795440674,6.041015625,0.0002601805317681,0.0095027107745409
baseline,26,48,26000090,196.97333499993877,5.948795795440674,6.041015625,0.0006161428173072,0.014533014036715
baseline,26,56,26000098,194.33140500018453,5.948795795440674,6.041015625,0.0002066776069113,0.008786124177277
baseline,34,0,34000042,195.89450600005875,5.94920825958252,6.041015625,0.0005199029692448,0.013374506495893
baseline,34,8,34000050,194.01727800004664,5.94920825958252,6.041015625,0.0003442818706389,0.0110141085460782
baseline,34,16,34000058,196.0015489999023,5.94920825958252,6.041015625,0.0003681311791297,0.0113246757537126
baseline,34,24,34000066,196.61515600000712,5.94920825958252,6.041015625,0.000548202660866,0.0129490792751312
baseline,34,32,34000074,196.14496700000927,5.94920825958252,6.041015625,0.0001959120563697,0.0071752811782062
baseline,34,40,34000082,195.30596999993577,5.94920825958252,6.041015625,0.0002700212935451,0.0093332398682832
baseline,34,48,34000090,194.9015459999828,5.94920825958252,6.041015625,0.0003594562294892,0.0125976605340838
baseline,34,56,34000098,195.77587100002347,5.94920825958252,6.041015625,0.0002350710274185,0.009550773538649
p25,13,0,13000042,178.22699099997408,5.063562393188477,5.1796875,0.0007258637924678,0.0182106532156467
p25,13,8,13000050,171.1592740000469,5.063562393188477,5.1796875,0.0010193025227636,0.0147061245515942
p25,13,16,13000058,168.14668600000005,5.063562393188477,5.1796875,0.0017549662152305,0.0244287755340337
p25,13,24,13000066,169.38381799991475,5.063562393188477,5.1796875,0.0011209341464564,0.0202390551567077
p25,13,32,13000074,166.88134900005025,5.063562393188477,5.1796875,0.0009044572361744,0.0152689442038536
p25,13,40,13000082,172.81926400005432,5.063562393188477,5.1796875,0.011009101755917,0.03361377120018
p25,13,48,13000090,166.759533000004,5.063562393188477,5.1796875,0.0056675416417419,0.0267600808292627
p25,13,56,13000098,166.5480700000899,5.063562393188477,5.1796875,0.0006628243136219,0.0170363578945398
p25,2,0,2000042,168.3962629999769,5.065482139587402,5.1796875,0.0030682529322803,0.0349583588540554
p25,2,8,2000050,167.25100400003612,5.065482139587402,5.1796875,0.0052286707796156,0.050816386938095
p25,2,16,2000058,166.7363750000277,5.065482139587402,5.1796875,0.0019343236926943,0.0279248226433992
p25,2,24,2000066,166.73880700000154,5.065482139587402,5.1796875,0.0029261442832648,0.0279959570616483
p25,2,32,2000074,167.91800999999396,5.065482139587402,5.1796875,0.0013555360492318,0.0189071167260408
p25,2,40,2000082,170.47171299986985,5.065482139587402,5.1796875,0.001187652349472,0.0170823093503713
p25,2,48,2000090,167.84296300011192,5.065482139587402,5.1796875,0.0008976089884527,0.0156985912472009
p25,2,56,2000098,166.30422299999736,5.065482139587402,5.1796875,0.0031127505935728,0.0294674467295408
p25,4,0,4000042,166.65778899982797,5.063562393188477,5.1796875,0.006431636866182,0.0476589798927307
p25,4,8,4000050,168.76845500019044,5.063562393188477,5.1796875,0.0029930232558399,0.0290929079055786
p25,4,16,4000058,167.12638299986793,5.063562393188477,5.1796875,0.0027145184576511,0.0288761984556913
p25,4,24,4000066,166.26777700003004,5.063562393188477,5.1796875,0.0007744291215203,0.0165440421551466
p25,4,32,4000074,166.72679399994195,5.063562393188477,5.1796875,0.0006089332164265,0.014075519517064
p25,4,40,4000082,168.41705299998466,5.063562393188477,5.1796875,0.0033695155289024,0.0344480536878109
p25,4,48,4000090,164.0902689998711,5.063562393188477,5.1796875,0.0051780971698462,0.0392075553536415
p25,4,56,4000098,166.58363999999892,5.063562393188477,5.1796875,0.0048278793692588,0.0310563948005437
p25,8,0,8000042,171.45139500007645,5.062798023223877,5.1796875,0.0010722826700657,0.0194494593888521
p25,8,8,8000050,167.6950780001789,5.062798023223877,5.1796875,0.0037120464257895,0.0335222370922565
p25,8,16,8000058,167.80658400011816,5.062798023223877,5.1796875,0.0009629410924389,0.0172211714088916
p25,8,24,8000066,169.19003699990753,5.062798023223877,5.1796875,0.0104237077757716,0.0329375267028808
p25,8,32,8000074,167.91628599980868,5.062798023223877,5.1796875,0.0008533333311788,0.0177191905677318
p25,8,40,8000082,168.31996599989907,5.062798023223877,5.1796875,0.0009676314075477,0.0176522620022296
p25,8,48,8000090,168.4477329999936,5.062798023223877,5.1796875,0.0004007896059192,0.0135663617402315
p25,8,56,8000098,168.08420600000318,5.062798023223877,5.1796875,0.0011320027988404,0.0221183281391859
p25,12,0,12000042,167.36764099982793,5.065482139587402,5.1796875,0.0062006297521293,0.0429573245346546
p25,12,8,12000050,167.4728430000414,5.065482139587402,5.1796875,0.0046125347726047,0.0347314700484275
p25,12,16,12000058,169.48930300009124,5.065482139587402,5.1796875,0.0131870964542031,0.0361917801201343
p25,12,24,12000066,169.70187000015358,5.065482139587402,5.1796875,0.0044697746634483,0.0357311442494392
p25,12,32,12000074,170.03160499984915,5.065482139587402,5.1796875,0.0024321547243744,0.0277746133506298
p25,12,40,12000082,166.43616499982272,5.065482139587402,5.1796875,0.0021690931171178,0.0271124877035617
p25,12,48,12000090,167.40177799988487,5.065482139587402,5.1796875,0.005722910631448,0.0436086468398571
p25,12,56,12000098,167.12335600004735,5.065482139587402,5.1796875,0.001908281003125,0.0236374996602535
p25,18,0,18000042,167.27955800001837,5.063179969787598,5.1796875,0.0049877357669174,0.0395196601748466
p25,18,8,18000050,164.1261190000023,5.063179969787598,5.1796875,0.0005103560979478,0.0135931242257356
p25,18,16,18000058,166.1606780000966,5.063179969787598,5.1796875,0.0005614510737359,0.0135845243930816
p25,18,24,18000066,164.8777660000178,5.063179969787598,5.1796875,0.0013552799355238,0.0197795201092958
p25,18,32,18000074,165.99657000006118,5.063179969787598,5.1796875,0.0011261331383138,0.0175232402980327
p25,18,40,18000082,167.29416999987734,5.063179969787598,5.1796875,0.0096711944788694,0.0261902641505002
p25,18,48,18000090,165.32780600005026,5.063179969787598,5.1796875,0.0009604450315237,0.0181511975824832
p25,18,56,18000098,168.18846299997858,5.063179969787598,5.1796875,0.000773222069256,0.0171532686799764
p25,24,0,24000042,167.51590500007296,5.063179969787598,5.1796875,0.0134476562961936,0.0722100213170051
p25,24,8,24000050,166.45753500006322,5.063179969787598,5.1796875,0.0028113771695643,0.0359705276787281
p25,24,16,24000058,166.29008999984762,5.063179969787598,5.1796875,0.0015805760631337,0.0260224770754575
p25,24,24,24000066,163.77418100000796,5.063179969787598,5.1796875,0.0009903239551931,0.01765076816082
p25,24,32,24000074,164.68004500006828,5.063179969787598,5.1796875,0.0008101534331217,0.0167566854506731
p25,24,40,24000082,163.91182300003493,5.063179969787598,5.1796875,0.0033770948648452,0.0391154550015926
p25,24,48,24000090,165.80110300014894,5.063179969787598,5.1796875,0.0133699318394064,0.0442100763320922
p25,24,56,24000098,165.0524960000439,5.063179969787598,5.1796875,0.0004451608692761,0.0125530762597918
p25,25,0,25000042,169.99077500008752,5.063944339752197,5.1796875,0.0013925640378147,0.022704392671585
p25,25,8,25000050,166.43584999997074,5.063944339752197,5.1796875,0.0012420724378898,0.0219450443983078
p25,25,16,25000058,168.63119699996787,5.063944339752197,5.1796875,0.0024572934489697,0.0302129238843917
p25,25,24,25000066,169.4906660000015,5.063944339752197,5.1796875,0.0016346097690984,0.0238084588199853
p25,25,32,25000074,166.41365899999985,5.063944339752197,5.1796875,0.0039402716793119,0.0356366783380508
p25,25,40,25000082,166.66695599997183,5.063944339752197,5.1796875,0.0005458982777781,0.014195492491126
p25,25,48,25000090,168.47718000008172,5.063944339752197,5.1796875,0.0005265036015771,0.015614609234035
p25,25,56,25000098,167.58733899996514,5.063944339752197,5.1796875,0.0013947210973128,0.0218817852437496
p25,26,0,26000042,166.91588100002264,5.062798023223877,5.1796875,0.0048768976703286,0.045483112335205
p25,26,8,26000050,169.9177890000101,5.062798023223877,5.1796875,0.0052413889206945,0.0384283661842346
p25,26,16,26000058,167.07706200008943,5.062798023223877,5.1796875,0.0047041201032698,0.037705011665821
p25,26,24,26000066,169.26955999997517,5.062798023223877,5.1796875,0.0021424205042421,0.0272700786590576
p25,26,32,26000074,167.428204999851,5.062798023223877,5.1796875,0.001791562885046,0.0235408581793308
p25,26,40,26000082,222.2041540001101,5.062798023223877,5.1796875,0.0016185006825253,0.0236176289618015
p25,26,48,26000090,166.36959099992055,5.062798023223877,5.1796875,0.0018616076558828,0.0266145654022693
p25,26,56,26000098,166.08827799996106,5.062798023223877,5.1796875,0.0034720103722065,0.0335193611681461
p25,34,0,34000042,165.73573300001954,5.063179969787598,5.1796875,0.0034942689817398,0.0352011434733867
p25,34,8,34000050,173.2014919998619,5.063179969787598,5.1796875,0.0020088262390345,0.0262651182711124
p25,34,16,34000058,166.29407200002788,5.063179969787598,5.1796875,0.0016517657786607,0.0231953952461481
p25,34,24,34000066,164.65720700011843,5.063179969787598,5.1796875,0.0015261082444339,0.0223065298050642
p25,34,32,34000074,164.72708300011618,5.063179969787598,5.1796875,0.0009500929736532,0.0155827831476926
p25,34,40,34000082,176.57959300004222,5.063179969787598,5.1796875,0.0008825045078992,0.0168851632624864
p25,34,48,34000090,165.00435200009633,5.063179969787598,5.1796875,0.0013033209834247,0.0199829619377851
p25,34,56,34000098,165.75156899989452,5.063179969787598,5.1796875,0.0020768544636666,0.0268266107887029
p37,13,0,13000042,162.95762800109517,4.625049591064453,4.720703125,0.0091915959492325,0.0522592924535274
p37,13,8,13000050,156.82464299970889,4.625049591064453,4.720703125,0.0032163891009986,0.0325758419930934
p37,13,16,13000058,152.3150490011176,4.625049591064453,4.720703125,0.0050643971189856,0.0388357117772102
p37,13,24,13000066,147.65809799973795,4.625049591064453,4.720703125,0.0028338618576526,0.0324525199830532
p37,13,32,13000074,150.27417300007073,4.625049591064453,4.720703125,0.0007551252492703,0.014495157636702
p37,13,40,13000082,148.87947499846632,4.625049591064453,4.720703125,0.0105475233867764,0.0333111062645912
p37,13,48,13000090,149.49593499841285,4.625049591064453,4.720703125,0.0016859897878021,0.0273066144436597
p37,13,56,13000098,150.36135499940428,4.625049591064453,4.720703125,0.0020236535929143,0.0330156311392784
p37,2,0,2000042,149.68640099868935,4.626923561096191,4.720703125,0.0043312520720064,0.0445387065410614
p37,2,8,2000050,147.43297600034566,4.626923561096191,4.720703125,0.0067632673308253,0.0575205981731414
p37,2,16,2000058,147.8755620009906,4.626923561096191,4.720703125,0.0119628552347421,0.0688090100884437
p37,2,24,2000066,145.29433399911795,4.626923561096191,4.720703125,0.010399050079286,0.0602476373314857
p37,2,32,2000074,148.8136569987546,4.626923561096191,4.720703125,0.0307248719036579,0.0861172601580619
p37,2,40,2000082,152.27596600016113,4.626923561096191,4.720703125,0.0243519898504018,0.0628190040588378
p37,2,48,2000090,148.37023000109184,4.626923561096191,4.720703125,0.0112967202439904,0.0533278211951255
p37,2,56,2000098,154.14223700099683,4.626923561096191,4.720703125,0.007649571634829,0.046475451439619
p37,4,0,4000042,150.05811099945277,4.625049591064453,4.720703125,0.0112509233877062,0.0594460628926754
p37,4,8,4000050,154.0730029992119,4.625049591064453,4.720703125,0.0028335233218967,0.0305777583271265
p37,4,16,4000058,147.7746450000268,4.625049591064453,4.720703125,0.0048062489368021,0.0429299362003803
p37,4,24,4000066,176.9601939995482,4.625049591064453,4.720703125,0.0043308334425091,0.0419862195849418
p37,4,32,4000074,154.07904099993175,4.625049591064453,4.720703125,0.000720101816114,0.0200278647243976
p37,4,40,4000082,151.91602999948373,4.625049591064453,4.720703125,0.0087657002732157,0.0631172806024551
p37,4,48,4000090,147.5283509989822,4.625049591064453,4.720703125,0.0340681038796901,0.0962965488433837
p37,4,56,4000098,148.7957360004657,4.625049591064453,4.720703125,0.0150953149423003,0.0573104619979858
p37,8,0,8000042,148.3718769995903,4.6243157386779785,4.720703125,0.010367919690907,0.0602407790720462
p37,8,8,8000050,146.2103379999462,4.6243157386779785,4.720703125,0.0081704780459404,0.0487526133656501
p37,8,16,8000058,148.983846000192,4.6243157386779785,4.720703125,0.0012504371115937,0.0184964332729578
p37,8,24,8000066,147.8119269995659,4.6243157386779785,4.720703125,0.0101948659867048,0.0303910784423351
p37,8,32,8000074,147.7940420008963,4.6243157386779785,4.720703125,0.0050248927436769,0.0416290089488029
p37,8,40,8000082,149.63840299969888,4.6243157386779785,4.720703125,0.0032953189220279,0.0321214720606803
p37,8,48,8000090,148.11244900010934,4.6243157386779785,4.720703125,0.0014185917098075,0.0234110970050096
p37,8,56,8000098,145.03127500029225,4.6243157386779785,4.720703125,0.0013436482986435,0.0235000271350145
p37,12,0,12000042,148.01067400003376,4.626923561096191,4.720703125,0.0092599298804998,0.0565566830337047
p37,12,8,12000050,149.6876950004662,4.626923561096191,4.720703125,0.0136294066905975,0.063881479203701
p37,12,16,12000058,151.69896200131916,4.626923561096191,4.720703125,0.0150627875700593,0.0433444753289222
p37,12,24,12000066,149.20012499896984,4.626923561096191,4.720703125,0.0198922920972108,0.0618807189166545
p37,12,32,12000074,150.69006999874546,4.626923561096191,4.720703125,0.0169764030724763,0.0499544851481914
p37,12,40,12000082,147.91619700008596,4.626923561096191,4.720703125,0.003885248908773,0.0384012050926685
p37,12,48,12000090,144.8577050014137,4.626923561096191,4.720703125,0.0084786266088485,0.0536457002162933
p37,12,56,12000098,148.3886900005018,4.626923561096191,4.720703125,0.0040436736308038,0.0365359745919704
p37,18,0,18000042,142.83866100049636,4.624682426452637,4.720703125,0.0043652057647705,0.041175041347742
p37,18,8,18000050,144.9966010004573,4.624682426452637,4.720703125,0.0008835745975375,0.0177589934319257
p37,18,16,18000058,147.60837399990123,4.624682426452637,4.720703125,0.0052142865024507,0.0359821394085884
p37,18,24,18000066,149.5143439988169,4.624682426452637,4.720703125,0.0039361934177577,0.0330595597624778
p37,18,32,18000074,151.7850410000392,4.624682426452637,4.720703125,0.0111002344638109,0.0351166352629661
p37,18,40,18000082,147.8129449988046,4.624682426452637,4.720703125,0.0107745910063385,0.0355580411851406
p37,18,48,18000090,147.51437099948816,4.624682426452637,4.720703125,0.0012505000922828,0.0200599711388349
p37,18,56,18000098,144.68960499834793,4.624682426452637,4.720703125,0.0024847981985658,0.0315963588654994
p37,24,0,24000042,145.2255160002096,4.624682426452637,4.720703125,0.0135716553777456,0.0741821378469467
p37,24,8,24000050,149.57470300032583,4.624682426452637,4.720703125,0.0071844705380499,0.0596166364848613
p37,24,16,24000058,148.29401600036363,4.624682426452637,4.720703125,0.008072598837316,0.0589248016476631
p37,24,24,24000066,145.54450399919006,4.624682426452637,4.720703125,0.0008951021591201,0.0201275944709777
p37,24,32,24000074,147.1161370009213,4.624682426452637,4.720703125,0.003018639748916,0.0341478213667869
p37,24,40,24000082,146.90125299966894,4.624682426452637,4.720703125,0.0038350371178239,0.0455041751265525
p37,24,48,24000090,145.9042970000155,4.624682426452637,4.720703125,0.0121318073943257,0.0444045141339302
p37,24,56,24000098,154.01847199973415,4.624682426452637,4.720703125,0.0143620381131768,0.0424932427704334
p37,25,0,25000042,151.77030399900104,4.625416278839111,4.720703125,0.0018147027585655,0.0271579232066869
p37,25,8,25000050,151.30262799902994,4.625416278839111,4.720703125,0.0017562891589477,0.0287433769553899
p37,25,16,25000058,148.28217499962193,4.625416278839111,4.720703125,0.0201909933239221,0.0780603289604187
p37,25,24,25000066,153.08282499972847,4.625416278839111,4.720703125,0.001354873762466,0.0223137475550174
p37,25,32,25000074,149.55806900070456,4.625416278839111,4.720703125,0.0101280901581048,0.055158607661724
p37,25,40,25000082,148.93974400001753,4.625416278839111,4.720703125,0.0018557413714006,0.0270330496132373
p37,25,48,25000090,148.11916500002553,4.625416278839111,4.720703125,0.0120360692963004,0.0413270518183708
p37,25,56,25000098,151.76545599933888,4.625416278839111,4.720703125,0.0028226727154105,0.0313853546977043
p37,26,0,26000042,147.39317299972754,4.6243157386779785,4.720703125,0.008475343696773,0.0535210892558097
p37,26,8,26000050,149.65381200090633,4.6243157386779785,4.720703125,0.0100409183651208,0.0503185167908668
p37,26,16,26000058,151.6048880002927,4.6243157386779785,4.720703125,0.0068259267136454,0.0496210716664791
p37,26,24,26000066,144.6193880001374,4.6243157386779785,4.720703125,0.0037283485289663,0.0359028503298759
p37,26,32,26000074,148.0084419999912,4.6243157386779785,4.720703125,0.0011891563190147,0.0226669460535049
p37,26,40,26000082,153.14436500011652,4.6243157386779785,4.720703125,0.0023767426609992,0.0313766077160835
p37,26,48,26000090,150.23198099879664,4.6243157386779785,4.720703125,0.0017665291670709,0.0257483310997486
p37,26,56,26000098,146.98503900035575,4.6243157386779785,4.720703125,0.0036329382564872,0.0371937155723571
p37,34,0,34000042,146.77426900016144,4.624682426452637,4.720703125,0.0233099218457937,0.1011051088571548
p37,34,8,34000050,147.10821700100496,4.624682426452637,4.720703125,0.0058004832826554,0.0460828356444835
p37,34,16,34000058,156.95082699858176,4.624682426452637,4.720703125,0.0043119518086314,0.0408407822251319
p37,34,24,34000066,150.88640300018596,4.624682426452637,4.720703125,0.015062796883285,0.0595752075314521
p37,34,32,34000074,150.2295519985637,4.624682426452637,4.720703125,0.0023625772446393,0.0257841181010007
p37,34,40,34000082,148.00657399973716,4.624682426452637,4.720703125,0.0028660562820732,0.0312595479190349
p37,34,48,34000090,150.33276999929512,4.624682426452637,4.720703125,0.0150676686316728,0.0454533696174621
p37,34,56,34000098,151.15007100030198,4.624682426452637,4.720703125,0.0057262247428298,0.045897226780653
p50,13,0,13000042,132.76886399944487,4.17677116394043,4.30078125,0.0089783836156129,0.0642905309796333
p50,13,8,13000050,127.3922689997562,4.17677116394043,4.30078125,0.001998133258894,0.0264497436583042
p50,13,16,13000058,125.62398000045503,4.17677116394043,4.30078125,0.0086728800088167,0.0527980253100395
p50,13,24,13000066,124.31105300129276,4.17677116394043,4.30078125,0.0038376115262508,0.0395741574466228
p50,13,32,13000074,123.765774000276,4.17677116394043,4.30078125,0.002281041117385,0.0227122660726308
p50,13,40,13000082,129.74187399959192,4.17677116394043,4.30078125,0.0119696212932467,0.0438695363700389
p50,13,48,13000090,124.42241799908516,4.17677116394043,4.30078125,0.0031640934757888,0.0343642011284828
p50,13,56,13000098,124.29524900107936,4.17677116394043,4.30078125,0.002240412402898,0.0300662610679864
p50,2,0,2000042,123.13574200015864,4.1785993576049805,4.30078125,0.0047838501632213,0.0411768034100532
p50,2,8,2000050,127.50295399928292,4.1785993576049805,4.30078125,0.0076051885262131,0.0584952346980571
p50,2,16,2000058,124.35469000047306,4.1785993576049805,4.30078125,0.0110538313165307,0.0661233142018318
p50,2,24,2000066,125.9786089995032,4.1785993576049805,4.30078125,0.0171357300132513,0.0801932290196418
p50,2,32,2000074,126.9998410007247,4.1785993576049805,4.30078125,0.0313473232090473,0.0941512212157249
p50,2,40,2000082,127.15825499981293,4.1785993576049805,4.30078125,0.035785861313343,0.0945356115698814
p50,2,48,2000090,123.5541589994682,4.1785993576049805,4.30078125,0.0323716774582862,0.0895323604345321
p50,2,56,2000098,124.53792300038911,4.1785993576049805,4.30078125,0.0142206912860274,0.060914546251297
p50,4,0,4000042,125.5420529996627,4.17677116394043,4.30078125,0.018538637086749,0.0775972232222557
p50,4,8,4000050,127.25743600094576,4.17677116394043,4.30078125,0.0078065609559416,0.0510673336684703
p50,4,16,4000058,123.68994700045732,4.17677116394043,4.30078125,0.008006801828742,0.0599649548530578
p50,4,24,4000066,123.69375500020396,4.17677116394043,4.30078125,0.0165907852351665,0.0652980878949165
p50,4,32,4000074,129.26335299925995,4.17677116394043,4.30078125,0.003330530365929,0.0274812821298837
p50,4,40,4000082,132.91570999899704,4.17677116394043,4.30078125,0.0094396406784653,0.0651628524065017
p50,4,48,4000090,130.67025000054855,4.17677116394043,4.30078125,0.0466855205595493,0.1352829933166504
p50,4,56,4000098,125.92709000091418,4.17677116394043,4.30078125,0.014496942050755,0.0548014156520366
p50,8,0,8000042,128.32450499990955,4.17606782913208,4.30078125,0.0590058751404285,0.1178111657500267
p50,8,8,8000050,123.981733000619,4.17606782913208,4.30078125,0.0081980070099234,0.0532257445156574
p50,8,16,8000058,145.0402150003356,4.17606782913208,4.30078125,0.0018951634410768,0.0244752131402492
p50,8,24,8000066,128.37701500029652,4.17606782913208,4.30078125,0.0112659251317381,0.0394858419895172
p50,8,32,8000074,130.03805299922533,4.17606782913208,4.30078125,0.0124177681282162,0.0471071265637874
p50,8,40,8000082,130.6508809993829,4.17606782913208,4.30078125,0.0033554381225258,0.0323028191924095
p50,8,48,8000090,127.09902900132874,4.17606782913208,4.30078125,0.002894539386034,0.03239731118083
p50,8,56,8000098,122.75744999897142,4.17606782913208,4.30078125,0.0021972088143229,0.03091393224895
p50,12,0,12000042,127.06819999948492,4.1785993576049805,4.30078125,0.0087286913767457,0.0528172068297863
p50,12,8,12000050,124.12960899928294,4.1785993576049805,4.30078125,0.0078761372715234,0.0508059523999691
p50,12,16,12000058,124.96295500022823,4.1785993576049805,4.30078125,0.0177891086786985,0.0507646389305591
p50,12,24,12000066,129.30239100023755,4.1785993576049805,4.30078125,0.0665293708443641,0.1205765530467033
p50,12,32,12000074,128.71330000052694,4.1785993576049805,4.30078125,0.0276781599968671,0.0748489424586296
p50,12,40,12000082,127.53750599949852,4.1785993576049805,4.30078125,0.0071734613738954,0.0475240014493465
p50,12,48,12000090,127.56307699964964,4.1785993576049805,4.30078125,0.0130975442007184,0.0659900158643722
p50,12,56,12000098,126.96680900080536,4.1785993576049805,4.30078125,0.005346936173737,0.043151956051588
p50,18,0,18000042,119.24603000079514,4.176419258117676,4.30078125,0.0059119882062077,0.0480878092348575
p50,18,8,18000050,122.63795500075504,4.176419258117676,4.30078125,0.0022406603675335,0.0260822754353284
p50,18,16,18000058,122.784415998467,4.176419258117676,4.30078125,0.0034129600971937,0.0322290025651454
p50,18,24,18000066,124.32695200004672,4.176419258117676,4.30078125,0.0038903523236513,0.0340359397232532
p50,18,32,18000074,125.19521799913493,4.176419258117676,4.30078125,0.0120547050610184,0.0399332717061042
p50,18,40,18000082,126.99977000011133,4.176419258117676,4.30078125,0.0029320295434445,0.0342216677963733
p50,18,48,18000090,122.15431300137423,4.176419258117676,4.30078125,0.0024805623106658,0.0309217404574155
p50,18,56,18000098,125.6576359992323,4.176419258117676,4.30078125,0.0031211115419864,0.0346921719610691
p50,24,0,24000042,122.7562370004307,4.176419258117676,4.30078125,0.0130402538925409,0.068867914378643
p50,24,8,24000050,124.6836219997931,4.176419258117676,4.30078125,0.00995125900954,0.0699600502848625
p50,24,16,24000058,123.5251519992744,4.176419258117676,4.30078125,0.007934384047985,0.063257597386837
p50,24,24,24000066,123.25779400089232,4.176419258117676,4.30078125,0.0010914781596511,0.0230173803865909
p50,24,32,24000074,124.79464799980632,4.176419258117676,4.30078125,0.0063401334919035,0.0468897223472595
p50,24,40,24000082,123.72751400107518,4.176419258117676,4.30078125,0.0067229331471025,0.0611032247543334
p50,24,48,24000090,123.7075349999941,4.176419258117676,4.30078125,0.0230049956589937,0.0650998726487159
p50,24,56,24000098,127.6772199998959,4.176419258117676,4.30078125,0.027750551700592,0.0753617659211158
p50,25,0,25000042,124.87494300148684,4.177122592926025,4.30078125,0.0024698954075574,0.0357355736196041
p50,25,8,25000050,131.76048199966317,4.177122592926025,4.30078125,0.0022455260623246,0.0346085019409656
p50,25,16,25000058,136.64723100009724,4.177122592926025,4.30078125,0.0164926797151565,0.0727311745285987
p50,25,24,25000066,132.47500200122886,4.177122592926025,4.30078125,0.004915215075016,0.04855627566576
p50,25,32,25000074,157.1837819992652,4.177122592926025,4.30078125,0.013689937070012,0.0689898654818534
p50,25,40,25000082,127.80718300018634,4.177122592926025,4.30078125,0.003659148234874,0.0409121103584766
p50,25,48,25000090,127.9538409999077,4.177122592926025,4.30078125,0.0021325724665075,0.0310926903039217
p50,25,56,25000098,128.43736200011335,4.177122592926025,4.30078125,0.0170552413910627,0.0752249136567115
p50,26,0,26000042,127.38622799952282,4.17606782913208,4.30078125,0.0101638389751315,0.0555384419858455
p50,26,8,26000050,127.24467499901948,4.17606782913208,4.30078125,0.0069863004609942,0.045420091599226
p50,26,16,26000058,139.1260760010482,4.17606782913208,4.30078125,0.0057830209843814,0.047073196619749
p50,26,24,26000066,130.1162599993404,4.17606782913208,4.30078125,0.0050666877068579,0.0395664311945438
p50,26,32,26000074,125.1963060003618,4.17606782913208,4.30078125,0.0018586275400593,0.0269835796207189
p50,26,40,26000082,123.57771899951332,4.17606782913208,4.30078125,0.0032273137476295,0.0354721769690513
p50,26,48,26000090,123.24458500006584,4.17606782913208,4.30078125,0.0031132490839809,0.0359821692109108
p50,26,56,26000098,125.33460300073784,4.17606782913208,4.30078125,0.0018097718711942,0.0268720667809247
p50,34,0,34000042,121.32439199922374,4.176419258117676,4.30078125,0.0598433688282966,0.1478641927242279
p50,34,8,34000050,125.76589600030276,4.176419258117676,4.30078125,0.0047883056104183,0.0445925220847129
p50,34,16,34000058,124.25033200088365,4.176419258117676,4.30078125,0.0055587841197848,0.0479109697043895
p50,34,24,34000066,126.10692899943388,4.176419258117676,4.30078125,0.021980732679367,0.0668119117617607
p50,34,32,34000074,121.98168800023268,4.176419258117676,4.30078125,0.0049721375107765,0.0374214984476566
p50,34,40,34000082,126.72431899954972,4.176419258117676,4.30078125,0.0030796362552791,0.0334301926195621
p50,34,48,34000090,128.76324500030023,4.176419258117676,4.30078125,0.0186521150171756,0.058622233569622
p50,34,56,34000098,131.0499350001919,4.176419258117676,4.30078125,0.0056113046593964,0.0511553883552551
