variant,end_to_end_env_steps_per_second,end_to_end_individual_action_chunks_per_second,env_name,episodes_requested,episodes_returned,estimated_individual_action_chunks,log_path,mean_episode_length,mean_episode_reward,model,policy_rpc_count,policy_rpc_deadline_miss_count,policy_rpc_deadline_miss_rate,policy_rpc_deadline_ms,policy_rpc_max_ms,policy_rpc_mean_ms,policy_rpc_median_ms,policy_rpc_p95_ms,policy_rpc_p99_ms,raw_printed_success_rate,raw_video_count,raw_video_dir,returncode,rollout_wall_seconds,rollout_wall_seconds_per_episode,selected_video_count,success_count,success_rate,task_index,task_name,total_episode_steps
baseline,6.036748096962179,0.7805906935221788,libero_sim/pick_up_the_black_bowl_between_the_plate_and_the_ramekin_and_place_it_on_the_plate,20,20,289,/root/gr00t-runtime/gr00t_baseline_libero_spatial_sr_full/logs/success_rate/baseline_task_00_pick_up_the_black_bowl_between_the_plate_and_the_ramekin_and_place_it_on_the_plate.log,111.75,0.95,baseline,100,100,1.0,400.0,1455.0550769999973,543.3436958299945,533.4217729998727,561.0047102501085,748.8604480801168,0.95,20,/root/gr00t-runtime/gr00t_baseline_libero_spatial_sr_full/rollouts/videos/baseline/00_pick_up_the_black_bowl_between_the_plate_and_the_ramekin_and_place_it_on_the_plate,0,370.2324437100001,18.51162218550001,3,19,0.95,0,black_bowl_between_the_plate_and_the_ramekin_and_place_it_on_the_plate,2235
baseline,9.316998784261546,1.196714977376536,libero_sim/pick_up_the_black_bowl_next_to_the_ramekin_and_place_it_on_the_plate,20,20,303,/root/gr00t-runtime/gr00t_baseline_libero_spatial_sr_full/logs/success_rate/baseline_task_01_pick_up_the_black_bowl_next_to_the_ramekin_and_place_it_on_the_plate.log,117.95,1.0,baseline,67,67,1.0,400.0,584.1064900000674,530.0245982238768,528.8967239998783,552.7323383998464,565.7859387401187,1.0,20,/root/gr00t-runtime/gr00t_baseline_libero_spatial_sr_full/rollouts/videos/baseline/01_pick_up_the_black_bowl_next_to_the_ramekin_and_place_it_on_the_plate,0,253.19312094199995,12.659656047099997,3,20,1.0,1,black_bowl_next_to_the_ramekin_and_place_it_on_the_plate,2359
baseline,8.47541150899578,1.1009297424056377,libero_sim/pick_up_the_black_bowl_from_table_center_and_place_it_on_the_plate,20,20,252,/root/gr00t-runtime/gr00t_baseline_libero_spatial_sr_full/logs/success_rate/baseline_task_02_pick_up_the_black_bowl_from_table_center_and_place_it_on_the_plate.log,97.0,1.0,baseline,54,54,1.0,400.0,539.0051960002893,519.2568382962809,521.0567929998433,538.4121223999955,538.7672938402329,1.0,20,/root/gr00t-runtime/gr00t_baseline_libero_spatial_sr_full/rollouts/videos/baseline/02_pick_up_the_black_bowl_from_table_center_and_place_it_on_the_plate,0,228.89744031200007,11.444872015600003,3,20,1.0,2,black_bowl_from_table_center_and_place_it_on_the_plate,1940
baseline,7.098010481283815,0.922741362566896,libero_sim/pick_up_the_black_bowl_on_the_cookie_box_and_place_it_on_the_plate,20,20,221,/root/gr00t-runtime/gr00t_baseline_libero_spatial_sr_full/logs/success_rate/baseline_task_03_pick_up_the_black_bowl_on_the_cookie_box_and_place_it_on_the_plate.log,85.0,1.0,baseline,54,54,1.0,400.0,557.3410490001152,516.7962642221853,516.6388914999516,537.6547110999127,551.0355828200591,1.0,21,/root/gr00t-runtime/gr00t_baseline_libero_spatial_sr_full/rollouts/videos/baseline/03_pick_up_the_black_bowl_on_the_cookie_box_and_place_it_on_the_plate,0,239.5037319939997,11.975186599699986,3,20,1.0,3,black_bowl_on_the_cookie_box_and_place_it_on_the_plate,1700
baseline,8.126732934114266,1.0438294921194498,libero_sim/pick_up_the_black_bowl_in_the_top_drawer_of_the_wooden_cabinet_and_place_it_on_the_plate,20,20,331,/root/gr00t-runtime/gr00t_baseline_libero_spatial_sr_full/logs/success_rate/baseline_task_04_pick_up_the_black_bowl_in_the_top_drawer_of_the_wooden_cabinet_and_place_it_on_the_plate.log,128.85,1.0,baseline,84,84,1.0,400.0,608.7949829998252,532.4928516309748,530.6708749999416,552.4351543499279,571.5979171401342,1.0,20,/root/gr00t-runtime/gr00t_baseline_libero_spatial_sr_full/rollouts/videos/baseline/04_pick_up_the_black_bowl_in_the_top_drawer_of_the_wooden_cabinet_and_place_it_on_the_plate,0,317.10159800899964,15.855079900449985,3,20,1.0,4,black_bowl_in_the_top_drawer_of_the_wooden_cabinet_and_place_it_on_the_plate,2577
baseline,7.741271163414632,0.9874481068064418,libero_sim/pick_up_the_black_bowl_on_the_ramekin_and_place_it_on_the_plate,20,20,368,/root/gr00t-runtime/gr00t_baseline_libero_spatial_sr_full/logs/success_rate/baseline_task_05_pick_up_the_black_bowl_on_the_ramekin_and_place_it_on_the_plate.log,144.25,0.95,baseline,103,103,1.0,400.0,547.3077300002842,513.033866262124,511.797882999872,534.3988894997437,539.1794900599234,0.9523809523809524,21,/root/gr00t-runtime/gr00t_baseline_libero_spatial_sr_full/rollouts/videos/baseline/05_pick_up_the_black_bowl_on_the_ramekin_and_place_it_on_the_plate,0,372.6778120930003,18.633890604650013,3,19,0.95,5,black_bowl_on_the_ramekin_and_place_it_on_the_plate,2885
baseline,9.612516506306124,1.2447863101691383,libero_sim/pick_up_the_black_bowl_next_to_the_cookie_box_and_place_it_on_the_plate,20,20,270,/root/gr00t-runtime/gr00t_baseline_libero_spatial_sr_full/logs/success_rate/baseline_task_06_pick_up_the_black_bowl_next_to_the_cookie_box_and_place_it_on_the_plate.log,104.25,1.0,baseline,55,55,1.0,400.0,548.4770390003177,516.1283598181316,516.8758100003288,540.3664389997175,547.1330648604089,1.0,20,/root/gr00t-runtime/gr00t_baseline_libero_spatial_sr_full/rollouts/videos/baseline/06_pick_up_the_black_bowl_next_to_the_cookie_box_and_place_it_on_the_plate,0,216.904699059,10.84523495295,3,20,1.0,6,black_bowl_next_to_the_cookie_box_and_place_it_on_the_plate,2085
baseline,8.684663227490118,1.1160110572626372,libero_sim/pick_up_the_black_bowl_on_the_stove_and_place_it_on_the_plate,20,20,298,/root/gr00t-runtime/gr00t_baseline_libero_spatial_sr_full/logs/success_rate/baseline_task_07_pick_up_the_black_bowl_on_the_stove_and_place_it_on_the_plate.log,115.95,1.0,baseline,65,65,1.0,400.0,564.2391910005244,517.3897438000215,520.6072389992187,536.478289999468,549.4268914803979,1.0,20,/root/gr00t-runtime/gr00t_baseline_libero_spatial_sr_full/rollouts/videos/baseline/07_pick_up_the_black_bowl_on_the_stove_and_place_it_on_the_plate,0,267.0224439629992,13.35112219814996,3,20,1.0,7,black_bowl_on_the_stove_and_place_it_on_the_plate,2319
baseline,5.918516895988256,0.7718493761451826,libero_sim/pick_up_the_black_bowl_next_to_the_plate_and_place_it_on_the_plate,20,20,256,/root/gr00t-runtime/gr00t_baseline_libero_spatial_sr_full/logs/success_rate/baseline_task_08_pick_up_the_black_bowl_next_to_the_plate_and_place_it_on_the_plate.log,98.15,1.0,baseline,88,88,1.0,400.0,549.5995970004515,520.8450786931694,521.0066130002815,539.1920781501994,547.0532714302954,1.0,20,/root/gr00t-runtime/gr00t_baseline_libero_spatial_sr_full/rollouts/videos/baseline/08_pick_up_the_black_bowl_next_to_the_plate_and_place_it_on_the_plate,0,331.6709294740004,16.583546473700018,3,20,1.0,8,black_bowl_next_to_the_plate_and_place_it_on_the_plate,1963
baseline,8.101919681396724,1.044982293600557,libero_sim/pick_up_the_black_bowl_on_the_wooden_cabinet_and_place_it_on_the_plate,20,20,316,/root/gr00t-runtime/gr00t_baseline_libero_spatial_sr_full/logs/success_rate/baseline_task_09_pick_up_the_black_bowl_on_the_wooden_cabinet_and_place_it_on_the_plate.log,122.5,1.0,baseline,73,73,1.0,400.0,588.2244889999129,519.3222690000293,518.0457209999076,550.3265309998824,562.4022686001263,1.0,20,/root/gr00t-runtime/gr00t_baseline_libero_spatial_sr_full/rollouts/videos/baseline/09_pick_up_the_black_bowl_on_the_wooden_cabinet_and_place_it_on_the_plate,0,302.39746829699925,15.119873414849964,3,20,1.0,9,black_bowl_on_the_wooden_cabinet_and_place_it_on_the_plate,2450
p25,6.129619797216067,0.7836956818358443,libero_sim/pick_up_the_black_bowl_between_the_plate_and_the_ramekin_and_place_it_on_the_plate,20,20,364,/root/gr00t-runtime/gr00t_p25_libero_spatial_eval/logs/success_rate/cka_task_00_pick_up_the_black_bowl_between_the_plate_and_the_ramekin_and_place_it_on_the_plate.log,142.35,0.95,cka,98,98,1.0,400.0,2155.410608000011,529.8703878061181,510.7839234999574,542.5820369999769,646.081336740096,0.95,20,/root/gr00t-runtime/gr00t_p25_libero_spatial_eval/rollouts/videos/cka/00_pick_up_the_black_bowl_between_the_plate_and_the_ramekin_and_place_it_on_the_plate,0,464.4660018380001,23.223300091900008,3,19,0.95,0,black_bowl_between_the_plate_and_the_ramekin_and_place_it_on_the_plate,2847
p25,7.102209893704452,0.9181209108864212,libero_sim/pick_up_the_black_bowl_next_to_the_ramekin_and_place_it_on_the_plate,20,20,295,/root/gr00t-runtime/gr00t_p25_libero_spatial_eval/logs/success_rate/cka_task_01_pick_up_the_black_bowl_next_to_the_ramekin_and_place_it_on_the_plate.log,114.1,1.0,cka,64,64,1.0,400.0,563.5212130000582,522.7768837968689,524.8680135000541,544.7425222499646,555.1964818300826,1.0,20,/root/gr00t-runtime/gr00t_p25_libero_spatial_eval/rollouts/videos/cka/01_pick_up_the_black_bowl_next_to_the_ramekin_and_place_it_on_the_plate,0,321.308442605,16.06542213025,3,20,1.0,1,black_bowl_next_to_the_ramekin_and_place_it_on_the_plate,2282
p25,7.343016445090264,0.9601509062664348,libero_sim/pick_up_the_black_bowl_from_table_center_and_place_it_on_the_plate,20,20,247,/root/gr00t-runtime/gr00t_p25_libero_spatial_eval/logs/success_rate/cka_task_02_pick_up_the_black_bowl_from_table_center_and_place_it_on_the_plate.log,94.45,1.0,cka,52,52,1.0,400.0,523.6383429999023,504.24902938460025,506.8186285000138,522.8804828999614,523.5748877799028,1.0,20,/root/gr00t-runtime/gr00t_p25_libero_spatial_eval/rollouts/videos/cka/02_pick_up_the_black_bowl_from_table_center_and_place_it_on_the_plate,0,257.25122831,12.8625614155,3,20,1.0,2,black_bowl_from_table_center_and_place_it_on_the_plate,1889
p25,6.087326225745256,0.7860299642971582,libero_sim/pick_up_the_black_bowl_on_the_cookie_box_and_place_it_on_the_plate,20,20,223,/root/gr00t-runtime/gr00t_p25_libero_spatial_eval/logs/success_rate/cka_task_03_pick_up_the_black_bowl_on_the_cookie_box_and_place_it_on_the_plate.log,86.35,1.0,cka,55,55,1.0,400.0,544.3652950000342,503.3056315090851,503.6339010000575,519.7410169001159,531.7443993400184,1.0,20,/root/gr00t-runtime/gr00t_p25_libero_spatial_eval/rollouts/videos/cka/03_pick_up_the_black_bowl_on_the_cookie_box_and_place_it_on_the_plate,0,283.7041972049999,14.185209860249994,3,20,1.0,3,black_bowl_on_the_cookie_box_and_place_it_on_the_plate,1727
p25,7.066031957953012,0.901252378033252,libero_sim/pick_up_the_black_bowl_in_the_top_drawer_of_the_wooden_cabinet_and_place_it_on_the_plate,20,20,338,/root/gr00t-runtime/gr00t_p25_libero_spatial_eval/logs/success_rate/cka_task_04_pick_up_the_black_bowl_in_the_top_drawer_of_the_wooden_cabinet_and_place_it_on_the_plate.log,132.5,1.0,cka,69,69,1.0,400.0,587.3611140000321,525.8284301884145,525.5681700000423,546.8282096001531,562.536920440052,1.0,20,/root/gr00t-runtime/gr00t_p25_libero_spatial_eval/rollouts/videos/cka/04_pick_up_the_black_bowl_in_the_top_drawer_of_the_wooden_cabinet_and_place_it_on_the_plate,0,375.03368450200014,18.751684225100007,3,20,1.0,4,black_bowl_in_the_top_drawer_of_the_wooden_cabinet_and_place_it_on_the_plate,2650
p25,4.916250216721584,0.6325649263050345,libero_sim/pick_up_the_black_bowl_on_the_ramekin_and_place_it_on_the_plate,20,20,285,/root/gr00t-runtime/gr00t_p25_libero_spatial_eval/logs/success_rate/cka_task_05_pick_up_the_black_bowl_on_the_ramekin_and_place_it_on_the_plate.log,110.75,1.0,cka,83,83,1.0,400.0,542.9466489999868,506.4479433855253,506.831850999788,522.4319358999765,532.3982624802737,1.0,20,/root/gr00t-runtime/gr00t_p25_libero_spatial_eval/rollouts/videos/cka/05_pick_up_the_black_bowl_on_the_ramekin_and_place_it_on_the_plate,0,450.54663663500014,22.527331831750008,3,20,1.0,5,black_bowl_on_the_ramekin_and_place_it_on_the_plate,2215
p25,7.107972160372331,0.9149874243356716,libero_sim/pick_up_the_black_bowl_next_to_the_cookie_box_and_place_it_on_the_plate,20,20,272,/root/gr00t-runtime/gr00t_p25_libero_spatial_eval/logs/success_rate/cka_task_06_pick_up_the_black_bowl_next_to_the_cookie_box_and_place_it_on_the_plate.log,105.65,1.0,cka,56,56,1.0,400.0,533.3526469999015,508.10308769640807,507.0220264999534,526.0074734997033,532.7513072499869,1.0,20,/root/gr00t-runtime/gr00t_p25_libero_spatial_eval/rollouts/videos/cka/06_pick_up_the_black_bowl_next_to_the_cookie_box_and_place_it_on_the_plate,0,297.271845236,14.8635922618,3,20,1.0,6,black_bowl_next_to_the_cookie_box_and_place_it_on_the_plate,2113
p25,5.757466496936391,0.7471712163992973,libero_sim/pick_up_the_black_bowl_on_the_stove_and_place_it_on_the_plate,20,20,299,/root/gr00t-runtime/gr00t_p25_libero_spatial_eval/logs/success_rate/cka_task_07_pick_up_the_black_bowl_on_the_stove_and_place_it_on_the_plate.log,115.2,1.0,cka,75,75,1.0,400.0,634.7700699998313,508.0514593599765,506.553165999776,527.4015043999498,558.2625037798431,1.0,20,/root/gr00t-runtime/gr00t_p25_libero_spatial_eval/rollouts/videos/cka/07_pick_up_the_black_bowl_on_the_stove_and_place_it_on_the_plate,0,400.176015132,20.0088007566,3,20,1.0,7,black_bowl_on_the_stove_and_place_it_on_the_plate,2304
p25,4.910142041809758,0.6328288656369719,libero_sim/pick_up_the_black_bowl_next_to_the_plate_and_place_it_on_the_plate,20,20,249,/root/gr00t-runtime/gr00t_p25_libero_spatial_eval/logs/success_rate/cka_task_08_pick_up_the_black_bowl_next_to_the_plate_and_place_it_on_the_plate.log,96.6,1.0,cka,77,77,1.0,400.0,525.8579979999922,501.5929088441084,500.3509359999043,518.6308475999795,524.6405068801687,1.0,20,/root/gr00t-runtime/gr00t_p25_libero_spatial_eval/rollouts/videos/cka/08_pick_up_the_black_bowl_next_to_the_plate_and_place_it_on_the_plate,0,393.4713056260002,19.67356528130001,3,20,1.0,8,black_bowl_next_to_the_plate_and_place_it_on_the_plate,1932
p25,6.675624476802243,0.864489226826273,libero_sim/pick_up_the_black_bowl_on_the_wooden_cabinet_and_place_it_on_the_plate,20,20,313,/root/gr00t-runtime/gr00t_p25_libero_spatial_eval/logs/success_rate/cka_task_09_pick_up_the_black_bowl_on_the_wooden_cabinet_and_place_it_on_the_plate.log,120.85,1.0,cka,68,68,1.0,400.0,632.6979929999652,506.7650623235589,501.7280650004068,547.068468299949,596.1349446197618,1.0,20,/root/gr00t-runtime/gr00t_p25_libero_spatial_eval/rollouts/videos/cka/09_pick_up_the_black_bowl_on_the_wooden_cabinet_and_place_it_on_the_plate,0,362.0635055790003,18.10317527895001,3,20,1.0,9,black_bowl_on_the_wooden_cabinet_and_place_it_on_the_plate,2417
p37,4.328558410204463,0.5472069097660004,libero_sim/pick_up_the_black_bowl_between_the_plate_and_the_ramekin_and_place_it_on_the_plate,20,20,613,/tmp/gr00t_p37_libero_spatial_eval/logs/success_rate/cka_task_00_pick_up_the_black_bowl_between_the_plate_and_the_ramekin_and_place_it_on_the_plate.log,242.45,0.75,cka,125,125,1.0,400.0,979.6742700000324,450.9270593999681,445.0468869999895,468.7925088004704,479.7834506798972,0.75,20,/tmp/gr00t_p37_libero_spatial_eval/rollouts/videos/cka/00_pick_up_the_black_bowl_between_the_plate_and_the_ramekin_and_place_it_on_the_plate,0,1120.2343922560012,56.011719612800064,3,15,0.75,0,black_bowl_between_the_plate_and_the_ramekin_and_place_it_on_the_plate,4849
p37,3.6133691257050735,0.465912066090913,libero_sim/pick_up_the_black_bowl_next_to_the_ramekin_and_place_it_on_the_plate,20,20,274,/tmp/gr00t_p37_libero_spatial_eval/logs/success_rate/cka_task_01_pick_up_the_black_bowl_next_to_the_ramekin_and_place_it_on_the_plate.log,106.25,1.0,cka,61,61,1.0,400.0,472.2479289994226,451.94789045904815,452.9029019995505,471.0949889995391,472.2432429993205,1.0,20,/tmp/gr00t_p37_libero_spatial_eval/rollouts/videos/cka/01_pick_up_the_black_bowl_next_to_the_ramekin_and_place_it_on_the_plate,0,588.093805552,29.404690277600004,3,20,1.0,1,black_bowl_next_to_the_ramekin_and_place_it_on_the_plate,2125
p37,3.621614345359312,0.4731370838865591,libero_sim/pick_up_the_black_bowl_from_table_center_and_place_it_on_the_plate,20,20,246,/tmp/gr00t_p37_libero_spatial_eval/logs/success_rate/cka_task_02_pick_up_the_black_bowl_from_table_center_and_place_it_on_the_plate.log,94.15,1.0,cka,52,52,1.0,400.0,459.06894700056,436.4954763076849,438.7467670003389,454.6989556504741,457.8339998495176,1.0,20,/tmp/gr00t_p37_libero_spatial_eval/rollouts/videos/cka/02_pick_up_the_black_bowl_from_table_center_and_place_it_on_the_plate,0,519.933880429,25.996694021450004,3,20,1.0,2,black_bowl_from_table_center_and_place_it_on_the_plate,1883
p37,3.022580666136308,0.3919427930607104,libero_sim/pick_up_the_black_bowl_on_the_cookie_box_and_place_it_on_the_plate,20,20,229,/tmp/gr00t_p37_libero_spatial_eval/logs/success_rate/cka_task_03_pick_up_the_black_bowl_on_the_cookie_box_and_place_it_on_the_plate.log,88.3,1.0,cka,59,59,1.0,400.0,456.4908699994703,432.5863892032831,432.9536079985701,453.76397269883455,456.30271393980365,1.0,20,/tmp/gr00t_p37_libero_spatial_eval/rollouts/videos/cka/03_pick_up_the_black_bowl_on_the_cookie_box_and_place_it_on_the_plate,0,584.2689393820001,29.213446969100005,3,20,1.0,3,black_bowl_on_the_cookie_box_and_place_it_on_the_plate,1766
p37,2.769949979179662,0.3565282151419366,libero_sim/pick_up_the_black_bowl_in_the_top_drawer_of_the_wooden_cabinet_and_place_it_on_the_plate,20,20,338,/tmp/gr00t_p37_libero_spatial_eval/logs/success_rate/cka_task_04_pick_up_the_black_bowl_in_the_top_drawer_of_the_wooden_cabinet_and_place_it_on_the_plate.log,131.3,1.0,cka,102,102,1.0,400.0,495.8051909998176,451.2435682744242,450.2535815008741,468.9689154512962,469.9413048612769,1.0,20,/tmp/gr00t_p37_libero_spatial_eval/rollouts/videos/cka/04_pick_up_the_black_bowl_in_the_top_drawer_of_the_wooden_cabinet_and_place_it_on_the_plate,0,948.031560042,47.4015780021,3,20,1.0,4,black_bowl_in_the_top_drawer_of_the_wooden_cabinet_and_place_it_on_the_plate,2626
p37,3.2500264444747926,0.4201217615980159,libero_sim/pick_up_the_black_bowl_on_the_ramekin_and_place_it_on_the_plate,20,20,284,/tmp/gr00t_p37_libero_spatial_eval/logs/success_rate/cka_task_05_pick_up_the_black_bowl_on_the_ramekin_and_place_it_on_the_plate.log,109.85,1.0,cka,66,66,1.0,400.0,460.4943099984666,438.03713392442273,437.8595790003601,458.3045672488879,460.259687299731,1.0,20,/tmp/gr00t_p37_libero_spatial_eval/rollouts/videos/cka/05_pick_up_the_black_bowl_on_the_ramekin_and_place_it_on_the_plate,0,675.9944995939986,33.79972497969993,3,20,1.0,5,black_bowl_on_the_ramekin_and_place_it_on_the_plate,2197
p37,3.8285940874409183,0.4954017665886983,libero_sim/pick_up_the_black_bowl_next_to_the_cookie_box_and_place_it_on_the_plate,20,20,276,/tmp/gr00t_p37_libero_spatial_eval/logs/success_rate/cka_task_06_pick_up_the_black_bowl_next_to_the_cookie_box_and_place_it_on_the_plate.log,106.65,1.0,cka,57,57,1.0,400.0,475.0934160001634,436.6875094031122,439.66823300070246,458.05902179999975,468.1676641594095,1.0,20,/tmp/gr00t_p37_libero_spatial_eval/rollouts/videos/cka/06_pick_up_the_black_bowl_next_to_the_cookie_box_and_place_it_on_the_plate,0,557.1235684130006,27.856178420650032,3,20,1.0,6,black_bowl_next_to_the_cookie_box_and_place_it_on_the_plate,2133
p37,3.315203966611849,0.4219202694143084,libero_sim/pick_up_the_black_bowl_on_the_stove_and_place_it_on_the_plate,20,20,519,/tmp/gr00t_p37_libero_spatial_eval/logs/success_rate/cka_task_07_pick_up_the_black_bowl_on_the_stove_and_place_it_on_the_plate.log,203.9,0.85,cka,134,134,1.0,400.0,468.4095650009112,434.3803261415733,431.67474750043766,457.2194392501842,465.62836557819537,0.8571428571428571,21,/tmp/gr00t_p37_libero_spatial_eval/rollouts/videos/cka/07_pick_up_the_black_bowl_on_the_stove_and_place_it_on_the_plate,0,1230.090227048,61.5045113524,3,17,0.85,7,black_bowl_on_the_stove_and_place_it_on_the_plate,4078
p37,3.384222068056275,0.4327525345646673,libero_sim/pick_up_the_black_bowl_next_to_the_plate_and_place_it_on_the_plate,20,20,356,/tmp/gr00t_p37_libero_spatial_eval/logs/success_rate/cka_task_08_pick_up_the_black_bowl_next_to_the_plate_and_place_it_on_the_plate.log,139.2,0.95,cka,91,91,1.0,400.0,468.84501300155534,435.85603003293227,434.990805999405,454.07625950247166,464.6508662997803,0.95,20,/tmp/gr00t_p37_libero_spatial_eval/rollouts/videos/cka/08_pick_up_the_black_bowl_next_to_the_plate_and_place_it_on_the_plate,0,822.6410513299998,41.13205256649999,3,19,0.95,8,black_bowl_next_to_the_plate_and_place_it_on_the_plate,2784
p37,3.6450424048935495,0.4689282663745541,libero_sim/pick_up_the_black_bowl_on_the_wooden_cabinet_and_place_it_on_the_plate,20,20,335,/tmp/gr00t_p37_libero_spatial_eval/logs/success_rate/cka_task_09_pick_up_the_black_bowl_on_the_wooden_cabinet_and_place_it_on_the_plate.log,130.2,1.0,cka,75,75,1.0,400.0,460.7240920013282,433.1354216533752,431.8791780024185,455.2809936983977,458.16049520020897,1.0,20,/tmp/gr00t_p37_libero_spatial_eval/rollouts/videos/cka/09_pick_up_the_black_bowl_on_the_wooden_cabinet_and_place_it_on_the_plate,0,714.3949811129969,35.71974905564984,3,20,1.0,9,black_bowl_on_the_wooden_cabinet_and_place_it_on_the_plate,2604
p50,2.4519231259146204,0.3176416397959954,libero_sim/pick_up_the_black_bowl_between_the_plate_and_the_ramekin_and_place_it_on_the_plate,20,20,235,/tmp/gr00t_p50_libero_spatial_eval/logs/success_rate/cka_task_00_pick_up_the_black_bowl_between_the_plate_and_the_ramekin_and_place_it_on_the_plate.log,90.7,1.0,cka,79,77,0.9746835443037974,400.0,958.2225029989786,435.2980782785127,429.1400660004001,446.3236621028045,566.0485899599729,1.0,20,/tmp/gr00t_p50_libero_spatial_eval/rollouts/videos/cka/00_pick_up_the_black_bowl_between_the_plate_and_the_ramekin_and_place_it_on_the_plate,0,739.8274361980002,36.99137180990001,3,20,1.0,0,black_bowl_between_the_plate_and_the_ramekin_and_place_it_on_the_plate,1814
p50,3.244567747828234,0.4154463321106681,libero_sim/pick_up_the_black_bowl_next_to_the_ramekin_and_place_it_on_the_plate,20,20,305,/tmp/gr00t_p50_libero_spatial_eval/logs/success_rate/cka_task_01_pick_up_the_black_bowl_next_to_the_ramekin_and_place_it_on_the_plate.log,119.1,1.0,cka,79,79,1.0,400.0,458.3387849997962,434.93328879748896,435.14308700105175,451.89440740105056,457.92709241963166,1.0,20,/tmp/gr00t_p50_libero_spatial_eval/rollouts/videos/cka/01_pick_up_the_black_bowl_next_to_the_ramekin_and_place_it_on_the_plate,0,734.150181205001,36.70750906025005,3,20,1.0,1,black_bowl_next_to_the_ramekin_and_place_it_on_the_plate,2382
p50,3.735179684346076,0.4840360770036906,libero_sim/pick_up_the_black_bowl_from_table_center_and_place_it_on_the_plate,20,20,233,/tmp/gr00t_p50_libero_spatial_eval/logs/success_rate/cka_task_02_pick_up_the_black_bowl_from_table_center_and_place_it_on_the_plate.log,89.9,1.0,cka,49,49,1.0,400.0,450.02529700286686,420.2467661224156,421.7407230025856,432.0176189990889,442.7637173206312,1.0,20,/tmp/gr00t_p50_libero_spatial_eval/rollouts/videos/cka/02_pick_up_the_black_bowl_from_table_center_and_place_it_on_the_plate,0,481.3690777810007,24.068453889050037,3,20,1.0,2,black_bowl_from_table_center_and_place_it_on_the_plate,1798
p50,2.394222954620081,0.3055023106794594,libero_sim/pick_up_the_black_bowl_on_the_cookie_box_and_place_it_on_the_plate,20,20,227,/tmp/gr00t_p50_libero_spatial_eval/logs/success_rate/cka_task_03_pick_up_the_black_bowl_on_the_cookie_box_and_place_it_on_the_plate.log,88.95,1.0,cka,78,78,1.0,400.0,463.4974939981476,421.065685525835,423.22240749854245,432.147744651229,442.8522786406394,1.0,20,/tmp/gr00t_p50_libero_spatial_eval/rollouts/videos/cka/03_pick_up_the_black_bowl_on_the_cookie_box_and_place_it_on_the_plate,0,743.0385698070022,37.15192849035011,3,20,1.0,3,black_bowl_on_the_cookie_box_and_place_it_on_the_plate,1779
p50,3.441213565125973,0.4386157671849258,libero_sim/pick_up_the_black_bowl_in_the_top_drawer_of_the_wooden_cabinet_and_place_it_on_the_plate,20,20,434,/tmp/gr00t_p50_libero_spatial_eval/logs/success_rate/cka_task_04_pick_up_the_black_bowl_in_the_top_drawer_of_the_wooden_cabinet_and_place_it_on_the_plate.log,170.25,0.95,cka,107,107,1.0,400.0,456.94181300132186,435.64251497208096,436.7648630031909,448.353054200561,451.27116085954185,0.95,20,/tmp/gr00t_p50_libero_spatial_eval/rollouts/videos/cka/04_pick_up_the_black_bowl_in_the_top_drawer_of_the_wooden_cabinet_and_place_it_on_the_plate,0,989.4765133169968,49.47382566584984,3,19,0.95,4,black_bowl_in_the_top_drawer_of_the_wooden_cabinet_and_place_it_on_the_plate,3405
p50,3.844349215335538,0.4837225514886089,libero_sim/pick_up_the_black_bowl_on_the_ramekin_and_place_it_on_the_plate,20,20,913,/tmp/gr00t_p50_libero_spatial_eval/logs/success_rate/cka_task_05_pick_up_the_black_bowl_on_the_ramekin_and_place_it_on_the_plate.log,362.8,0.6,cka,215,215,1.0,400.0,443.9435750027769,420.3086307255225,420.7032209997124,434.46315610017336,440.9780282784049,0.6,20,/tmp/gr00t_p50_libero_spatial_eval/rollouts/videos/cka/05_pick_up_the_black_bowl_on_the_ramekin_and_place_it_on_the_plate,0,1887.4455970480008,94.37227985240006,3,12,0.6,5,black_bowl_on_the_ramekin_and_place_it_on_the_plate,7256
p50,3.28188660310772,0.422801607427391,libero_sim/pick_up_the_black_bowl_next_to_the_cookie_box_and_place_it_on_the_plate,20,20,286,/tmp/gr00t_p50_libero_spatial_eval/logs/success_rate/cka_task_06_pick_up_the_black_bowl_next_to_the_cookie_box_and_place_it_on_the_plate.log,111.0,1.0,cka,72,72,1.0,400.0,439.3982569999935,420.94362124963584,420.5360224987089,434.6623855499274,437.6199895812533,1.0,20,/tmp/gr00t_p50_libero_spatial_eval/rollouts/videos/cka/06_pick_up_the_black_bowl_next_to_the_cookie_box_and_place_it_on_the_plate,0,676.4401908030013,33.82200954015006,3,20,1.0,6,black_bowl_next_to_the_cookie_box_and_place_it_on_the_plate,2220
p50,3.844167185285754,0.4823968860509172,libero_sim/pick_up_the_black_bowl_on_the_stove_and_place_it_on_the_plate,20,20,1125,/tmp/gr00t_p50_libero_spatial_eval/logs/success_rate/cka_task_07_pick_up_the_black_bowl_on_the_stove_and_place_it_on_the_plate.log,448.25,0.45,cka,270,269,0.9962962962962963,400.0,443.7157569991541,419.0761182555838,418.5945425015234,432.5420766490424,437.6491197181531,0.4285714285714285,21,/tmp/gr00t_p50_libero_spatial_eval/rollouts/videos/cka/07_pick_up_the_black_bowl_on_the_stove_and_place_it_on_the_plate,0,2332.104606249999,116.60523031249996,3,9,0.45,7,black_bowl_on_the_stove_and_place_it_on_the_plate,8965
p50,3.0423354232972684,0.3896470202426802,libero_sim/pick_up_the_black_bowl_next_to_the_plate_and_place_it_on_the_plate,20,20,328,/tmp/gr00t_p50_libero_spatial_eval/logs/success_rate/cka_task_08_pick_up_the_black_bowl_next_to_the_plate_and_place_it_on_the_plate.log,128.05,0.95,cka,95,95,1.0,400.0,439.276258002792,418.78741874721817,419.6379219974915,432.3126550978486,436.8044593807281,0.95,20,/tmp/gr00t_p50_libero_spatial_eval/rollouts/videos/cka/08_pick_up_the_black_bowl_next_to_the_plate_and_place_it_on_the_plate,0,841.7875229630008,42.08937614815004,3,19,0.95,8,black_bowl_next_to_the_plate_and_place_it_on_the_plate,2561
p50,3.582296118492296,0.4532421298544899,libero_sim/pick_up_the_black_bowl_on_the_wooden_cabinet_and_place_it_on_the_plate,20,20,727,/tmp/gr00t_p50_libero_spatial_eval/logs/success_rate/cka_task_09_pick_up_the_black_bowl_on_the_wooden_cabinet_and_place_it_on_the_plate.log,287.3,0.75,cka,188,185,0.9840425531914894,400.0,448.4412650017475,418.07765530325497,417.87024950099294,432.6316896489516,436.7095862822316,0.75,20,/tmp/gr00t_p50_libero_spatial_eval/rollouts/videos/cka/09_pick_up_the_black_bowl_on_the_wooden_cabinet_and_place_it_on_the_plate,0,1603.999169789,80.19995848945,3,15,0.75,9,black_bowl_on_the_wooden_cabinet_and_place_it_on_the_plate,5746
