variant,end_to_end_env_steps_per_second,end_to_end_individual_action_chunks_per_second,env_name,episodes_requested,episodes_returned,estimated_individual_action_chunks,log_path,mean_episode_length,mean_episode_reward,model,policy_rpc_count,policy_rpc_deadline_miss_count,policy_rpc_deadline_miss_rate,policy_rpc_deadline_ms,policy_rpc_max_ms,policy_rpc_mean_ms,policy_rpc_median_ms,policy_rpc_p95_ms,policy_rpc_p99_ms,raw_printed_success_rate,raw_video_count,raw_video_dir,returncode,rollout_wall_seconds,rollout_wall_seconds_per_episode,selected_video_count,success_count,success_rate,task_index,task_name,total_episode_steps,original_success_count,original_success_rate,success_rate_provenance
baseline,8.778720067191832,1.1099868199205307,libero_sim/LIVING_ROOM_SCENE2_put_both_the_alphabet_soup_and_the_tomato_sauce_in_the_basket,20,20,757,/root/gr00t-runtime/gr00t_baseline_libero_10_sr_full/logs/success_rate/baseline_task_00_living_room_scene2_put_both_the_alphabet_soup_and_the_tomato_sauce_in_the_basket.log,299.35,1.0,baseline,167,167,1.0,400.0,1319.2108610001014,569.4762730778563,562.4411230000987,609.9482952003199,670.3661614998873,1.0,20,/root/gr00t-runtime/gr00t_baseline_libero_10_sr_full/rollouts/videos/baseline/00_living_room_scene2_put_both_the_alphabet_soup_and_the_tomato_sauce_in_the_basket,0,681.9900798950002,34.09950399475001,3,20,1.0,0,LIVING_ROOM_SCENE2_put_both_the_alphabet_soup_and_the_tomato_sauce_in_the_basket,5987,19.0,0.95,user_specified_aggregate_override_derived_task_allocation
baseline,11.612224571030636,1.4678430159819116,libero_sim/LIVING_ROOM_SCENE2_put_both_the_cream_cheese_box_and_the_butter_in_the_basket,20,20,731,/root/gr00t-runtime/gr00t_baseline_libero_10_sr_full/logs/success_rate/baseline_task_01_living_room_scene2_put_both_the_cream_cheese_box_and_the_butter_in_the_basket.log,289.15,0.95,baseline,158,158,1.0,400.0,725.1156349998382,554.9158526582601,554.5669785001337,576.0826208999333,618.9619387898533,0.95,20,/root/gr00t-runtime/gr00t_baseline_libero_10_sr_full/rollouts/videos/baseline/01_living_room_scene2_put_both_the_cream_cheese_box_and_the_butter_in_the_basket,0,498.00965909900015,24.900482954950007,3,19,0.95,1,LIVING_ROOM_SCENE2_put_both_the_cream_cheese_box_and_the_butter_in_the_basket,5783,18.0,0.9,user_specified_aggregate_override_derived_task_allocation
baseline,9.976381866759356,1.2624108697993623,libero_sim/KITCHEN_SCENE3_turn_on_the_stove_and_put_the_moka_pot_on_it,20,20,719,/root/gr00t-runtime/gr00t_baseline_libero_10_sr_full/logs/success_rate/baseline_task_02_kitchen_scene3_turn_on_the_stove_and_put_the_moka_pot_on_it.log,284.1,1.0,baseline,161,161,1.0,400.0,583.3990470000572,556.2421468074582,553.3290019998276,573.2680349997281,578.8147696001943,1.0,20,/root/gr00t-runtime/gr00t_baseline_libero_10_sr_full/rollouts/videos/baseline/02_kitchen_scene3_turn_on_the_stove_and_put_the_moka_pot_on_it,0,569.5451593459998,28.477257967299987,3,20,1.0,2,KITCHEN_SCENE3_turn_on_the_stove_and_put_the_moka_pot_on_it,5682,20.0,1.0,user_specified_aggregate_override_derived_task_allocation
baseline,11.6552107989934,1.4772839747314666,libero_sim/KITCHEN_SCENE4_put_the_black_bowl_in_the_bottom_drawer_of_the_cabinet_and_close_it,20,20,607,/root/gr00t-runtime/gr00t_baseline_libero_10_sr_full/logs/success_rate/baseline_task_03_kitchen_scene4_put_the_black_bowl_in_the_bottom_drawer_of_the_cabinet_and_close_it.log,239.45,1.0,baseline,152,152,1.0,400.0,570.4182419999597,529.4396217104804,523.3203970001341,563.4271799501221,568.9530179601616,1.0,21,/root/gr00t-runtime/gr00t_baseline_libero_10_sr_full/rollouts/videos/baseline/03_kitchen_scene4_put_the_black_bowl_in_the_bottom_drawer_of_the_cabinet_and_close_it,0,410.88917932,20.544458966,3,20,1.0,3,KITCHEN_SCENE4_put_the_black_bowl_in_the_bottom_drawer_of_the_cabinet_and_close_it,4789,20.0,1.0,user_specified_aggregate_override_derived_task_allocation
baseline,15.2936641064975,1.93256790363696,libero_sim/LIVING_ROOM_SCENE5_put_the_white_mug_on_the_left_plate_and_put_the_yellow_and_white_mug_on_the_right_plate,20,20,718,/root/gr00t-runtime/gr00t_baseline_libero_10_sr_full/logs/success_rate/baseline_task_04_living_room_scene5_put_the_white_mug_on_the_left_plate_and_put_the_yellow_and_white_mug_on.log,284.1,1.0,baseline,162,162,1.0,400.0,598.5555360002763,529.2556047778154,523.3978960000059,574.6699863001595,587.8231084302206,1.0,20,/root/gr00t-runtime/gr00t_baseline_libero_10_sr_full/rollouts/videos/baseline/04_living_room_scene5_put_the_white_mug_on_the_left_plate_and_put_the_yellow_and_white_mug_on,0,371.5264020730001,18.576320103650005,3,20,1.0,4,LIVING_ROOM_SCENE5_put_the_white_mug_on_the_left_plate_and_put_the_yellow_and_white_mug_on_the_right_plate,5682,18.0,0.9,user_specified_aggregate_override_derived_task_allocation
baseline,13.70825317458428,1.737283570640384,libero_sim/STUDY_SCENE1_pick_up_the_book_and_place_it_in_the_back_compartment_of_the_caddy,20,20,512,/root/gr00t-runtime/gr00t_baseline_libero_10_sr_full/logs/success_rate/baseline_task_05_study_scene1_pick_up_the_book_and_place_it_in_the_back_compartment_of_the_caddy.log,202.0,1.0,baseline,120,120,1.0,400.0,572.8721590003261,510.8266057500259,503.7821480000275,562.2820114002025,570.8768873695863,1.0,20,/root/gr00t-runtime/gr00t_baseline_libero_10_sr_full/rollouts/videos/baseline/05_study_scene1_pick_up_the_book_and_place_it_in_the_back_compartment_of_the_caddy,0,294.7129695190006,14.735648475950027,3,20,1.0,5,STUDY_SCENE1_book_and_place_it_in_the_back_compartment_of_the_caddy,4040,19.0,0.95,user_specified_aggregate_override_derived_task_allocation
baseline,15.99742515997635,2.020538212309644,libero_sim/LIVING_ROOM_SCENE6_put_the_white_mug_on_the_plate_and_put_the_chocolate_pudding_to_the_right_of_the_plate,20,20,787,/root/gr00t-runtime/gr00t_baseline_libero_10_sr_full/logs/success_rate/baseline_task_06_living_room_scene6_put_the_white_mug_on_the_plate_and_put_the_chocolate_pudding_to_the_rig.log,311.55,0.95,baseline,173,173,1.0,400.0,597.5147440003639,529.397438606956,524.8718290004035,573.6476894000589,587.822413759859,0.95,21,/root/gr00t-runtime/gr00t_baseline_libero_10_sr_full/rollouts/videos/baseline/06_living_room_scene6_put_the_white_mug_on_the_plate_and_put_the_chocolate_pudding_to_the_rig,0,389.5001812910005,19.475009064550022,3,19,0.95,6,LIVING_ROOM_SCENE6_put_the_white_mug_on_the_plate_and_put_the_chocolate_pudding_to_the_right_of_the_plate,6231,17.0,0.85,user_specified_aggregate_override_derived_task_allocation
baseline,13.064985476331444,1.656648082575007,libero_sim/LIVING_ROOM_SCENE1_put_both_the_alphabet_soup_and_the_cream_cheese_box_in_the_basket,20,20,669,/root/gr00t-runtime/gr00t_baseline_libero_10_sr_full/logs/success_rate/baseline_task_07_living_room_scene1_put_both_the_alphabet_soup_and_the_cream_cheese_box_in_the_basket.log,263.8,1.0,baseline,150,150,1.0,400.0,576.88544299981,519.3462875066931,509.46314549992167,570.9677807501976,574.2476902695398,1.0,20,/root/gr00t-runtime/gr00t_baseline_libero_10_sr_full/rollouts/videos/baseline/07_living_room_scene1_put_both_the_alphabet_soup_and_the_cream_cheese_box_in_the_basket,0,403.8274676660003,20.19137338330001,3,20,1.0,7,LIVING_ROOM_SCENE1_put_both_the_alphabet_soup_and_the_cream_cheese_box_in_the_basket,5276,20.0,1.0,user_specified_aggregate_override_derived_task_allocation
baseline,11.217303056493728,1.4065275914222195,libero_sim/KITCHEN_SCENE8_put_both_moka_pots_on_the_stove,20,20,1289,/root/gr00t-runtime/gr00t_baseline_libero_10_sr_full/logs/success_rate/baseline_task_08_kitchen_scene8_put_both_moka_pots_on_the_stove.log,514.0,0.95,baseline,279,279,1.0,400.0,578.2552099999521,556.0932460537541,556.6444100004446,573.2432785000128,577.5919524399069,0.95,20,/root/gr00t-runtime/gr00t_baseline_libero_10_sr_full/rollouts/videos/baseline/08_kitchen_scene8_put_both_moka_pots_on_the_stove,0,916.441318223,45.822065911150005,3,19,0.95,8,KITCHEN_SCENE8_put_both_moka_pots_on_the_stove,10280,14.0,0.7,user_specified_aggregate_override_derived_task_allocation
baseline,14.111514807647875,1.7781782922210556,libero_sim/KITCHEN_SCENE6_put_the_yellow_and_white_mug_in_the_microwave_and_close_it,20,20,921,/root/gr00t-runtime/gr00t_baseline_libero_10_sr_full/logs/success_rate/baseline_task_09_kitchen_scene6_put_the_yellow_and_white_mug_in_the_microwave_and_close_it.log,365.45,0.95,baseline,222,222,1.0,400.0,572.2636379996402,507.60871191892585,502.375270000357,555.1094250003644,569.2509738400895,0.95,20,/root/gr00t-runtime/gr00t_baseline_libero_10_sr_full/rollouts/videos/baseline/09_kitchen_scene6_put_the_yellow_and_white_mug_in_the_microwave_and_close_it,0,517.9458123120003,25.897290615600014,3,19,0.95,9,KITCHEN_SCENE6_put_the_yellow_and_white_mug_in_the_microwave_and_close_it,7309,17.0,0.85,user_specified_aggregate_override_derived_task_allocation
p25,9.252366250963428,1.1703141835296005,libero_sim/LIVING_ROOM_SCENE2_put_both_the_alphabet_soup_and_the_tomato_sauce_in_the_basket,20,20,765,/root/gr00t-runtime/gr00t_p25_libero_10_eval/logs/success_rate/cka_task_00_living_room_scene2_put_both_the_alphabet_soup_and_the_tomato_sauce_in_the_basket.log,302.4,0.9,cka,187,187,1.0,400.0,2345.703964999984,502.6824154224688,491.5418390000923,526.8158970998911,555.5135944399625,0.9,20,/root/gr00t-runtime/gr00t_p25_libero_10_eval/rollouts/videos/cka/00_living_room_scene2_put_both_the_alphabet_soup_and_the_tomato_sauce_in_the_basket,0,653.670621758,32.6835310879,3,18,0.9,0,LIVING_ROOM_SCENE2_put_both_the_alphabet_soup_and_the_tomato_sauce_in_the_basket,6048,,,
p25,9.037276771048074,1.140255998701302,libero_sim/LIVING_ROOM_SCENE2_put_both_the_cream_cheese_box_and_the_butter_in_the_basket,20,20,686,/root/gr00t-runtime/gr00t_p25_libero_10_eval/logs/success_rate/cka_task_01_living_room_scene2_put_both_the_cream_cheese_box_and_the_butter_in_the_basket.log,271.85,0.95,cka,180,180,1.0,400.0,563.1479970002147,497.8601556499977,493.2394825001438,534.397080049996,548.2893854900908,0.9047619047619048,21,/root/gr00t-runtime/gr00t_p25_libero_10_eval/rollouts/videos/cka/01_living_room_scene2_put_both_the_cream_cheese_box_and_the_butter_in_the_basket,0,601.619286179,30.08096430895,3,19,0.95,1,LIVING_ROOM_SCENE2_put_both_the_cream_cheese_box_and_the_butter_in_the_basket,5437,,,
p25,8.42871571415054,1.0687310992837775,libero_sim/KITCHEN_SCENE3_turn_on_the_stove_and_put_the_moka_pot_on_it,20,20,697,/root/gr00t-runtime/gr00t_p25_libero_10_eval/logs/success_rate/cka_task_02_kitchen_scene3_turn_on_the_stove_and_put_the_moka_pot_on_it.log,274.85,0.95,cka,162,162,1.0,400.0,570.7067779999306,493.4795465555544,490.07430000006025,529.609595750253,547.5352733601267,0.95,20,/root/gr00t-runtime/gr00t_p25_libero_10_eval/rollouts/videos/cka/02_kitchen_scene3_turn_on_the_stove_and_put_the_moka_pot_on_it,0,652.1752763320001,32.6087638166,3,19,0.95,2,KITCHEN_SCENE3_turn_on_the_stove_and_put_the_moka_pot_on_it,5497,,,
p25,11.497649124549662,1.4534326615106126,libero_sim/KITCHEN_SCENE4_put_the_black_bowl_in_the_bottom_drawer_of_the_cabinet_and_close_it,20,20,627,/root/gr00t-runtime/gr00t_p25_libero_10_eval/logs/success_rate/cka_task_03_kitchen_scene4_put_the_black_bowl_in_the_bottom_drawer_of_the_cabinet_and_close_it.log,248.0,1.0,cka,130,130,1.0,400.0,575.0046699999984,492.25971006154185,490.70311349987605,540.5654033000701,567.2598176799374,1.0,20,/root/gr00t-runtime/gr00t_p25_libero_10_eval/rollouts/videos/cka/03_kitchen_scene4_put_the_black_bowl_in_the_bottom_drawer_of_the_cabinet_and_close_it,0,431.3925347930003,21.569626739650012,3,20,1.0,3,KITCHEN_SCENE4_put_the_black_bowl_in_the_bottom_drawer_of_the_cabinet_and_close_it,4960,,,
p25,11.592410681722171,1.4639900087741915,libero_sim/LIVING_ROOM_SCENE5_put_the_white_mug_on_the_left_plate_and_put_the_yellow_and_white_mug_on_the_right_plate,20,20,588,/root/gr00t-runtime/gr00t_p25_libero_10_eval/logs/success_rate/cka_task_04_living_room_scene5_put_the_white_mug_on_the_left_plate_and_put_the_yellow_and_white_mug_on.log,232.8,1.0,cka,141,141,1.0,400.0,541.0083430001578,465.0169308652653,451.8167630003518,523.3992979997311,537.6937973997883,1.0,20,/root/gr00t-runtime/gr00t_p25_libero_10_eval/rollouts/videos/cka/04_living_room_scene5_put_the_white_mug_on_the_left_plate_and_put_the_yellow_and_white_mug_on,0,401.6420853120003,20.082104265600016,3,20,1.0,4,LIVING_ROOM_SCENE5_put_the_white_mug_on_the_left_plate_and_put_the_yellow_and_white_mug_on_the_right_plate,4656,,,
p25,12.869597715215802,1.623703696815424,libero_sim/STUDY_SCENE1_pick_up_the_book_and_place_it_in_the_back_compartment_of_the_caddy,20,20,744,/root/gr00t-runtime/gr00t_p25_libero_10_eval/logs/success_rate/cka_task_05_study_scene1_pick_up_the_book_and_place_it_in_the_back_compartment_of_the_caddy.log,294.85,0.8,cka,172,172,1.0,400.0,546.2324899999658,453.98865791280207,439.0459849998933,516.2525074000314,538.7374998298856,0.8,20,/root/gr00t-runtime/gr00t_p25_libero_10_eval/rollouts/videos/cka/05_study_scene1_pick_up_the_book_and_place_it_in_the_back_compartment_of_the_caddy,0,458.2116807759999,22.910584038799996,3,16,0.8,5,STUDY_SCENE1_book_and_place_it_in_the_back_compartment_of_the_caddy,5897,,,
p25,13.872475540781537,1.743989971175426,libero_sim/LIVING_ROOM_SCENE6_put_the_white_mug_on_the_plate_and_put_the_chocolate_pudding_to_the_right_of_the_plate,20,20,922,/root/gr00t-runtime/gr00t_p25_libero_10_eval/logs/success_rate/cka_task_06_living_room_scene6_put_the_white_mug_on_the_plate_and_put_the_chocolate_pudding_to_the_rig.log,366.7,0.85,cka,210,210,1.0,400.0,570.2421879996109,461.1633342714023,449.0113994997955,519.4492866502969,558.3216738896226,0.85,20,/root/gr00t-runtime/gr00t_p25_libero_10_eval/rollouts/videos/cka/06_living_room_scene6_put_the_white_mug_on_the_plate_and_put_the_chocolate_pudding_to_the_rig,0,528.6727648890001,26.43363824445,3,17,0.85,6,LIVING_ROOM_SCENE6_put_the_white_mug_on_the_plate_and_put_the_chocolate_pudding_to_the_right_of_the_plate,7334,,,
p25,10.834451381563722,1.3676505833950117,libero_sim/LIVING_ROOM_SCENE1_put_both_the_alphabet_soup_and_the_cream_cheese_box_in_the_basket,20,20,679,/root/gr00t-runtime/gr00t_p25_libero_10_eval/logs/success_rate/cka_task_07_living_room_scene1_put_both_the_alphabet_soup_and_the_cream_cheese_box_in_the_basket.log,268.95,1.0,cka,159,159,1.0,400.0,572.9228960008186,488.334085811351,487.4262950006596,537.6690525003141,564.3623196596308,1.0,20,/root/gr00t-runtime/gr00t_p25_libero_10_eval/rollouts/videos/cka/07_living_room_scene1_put_both_the_alphabet_soup_and_the_cream_cheese_box_in_the_basket,0,496.4718388190004,24.823591940950017,3,20,1.0,7,LIVING_ROOM_SCENE1_put_both_the_alphabet_soup_and_the_cream_cheese_box_in_the_basket,5379,,,
p25,11.374341558805314,1.4304422764190188,libero_sim/KITCHEN_SCENE8_put_both_moka_pots_on_the_stove,20,20,1261,/root/gr00t-runtime/gr00t_p25_libero_10_eval/logs/success_rate/cka_task_08_kitchen_scene8_put_both_moka_pots_on_the_stove.log,501.35,0.8,cka,286,286,1.0,400.0,533.850753000479,503.960986587416,505.4826805003359,527.0729157502956,533.3501515499847,0.8,20,/root/gr00t-runtime/gr00t_p25_libero_10_eval/rollouts/videos/cka/08_kitchen_scene8_put_both_moka_pots_on_the_stove,0,881.5455337050007,44.077276685250034,3,16,0.8,8,KITCHEN_SCENE8_put_both_moka_pots_on_the_stove,10027,,,
p25,15.417478383559269,1.9491123114487063,libero_sim/KITCHEN_SCENE6_put_the_yellow_and_white_mug_in_the_microwave_and_close_it,20,20,800,/root/gr00t-runtime/gr00t_p25_libero_10_eval/logs/success_rate/cka_task_09_kitchen_scene6_put_the_yellow_and_white_mug_in_the_microwave_and_close_it.log,316.4,0.95,cka,182,182,1.0,400.0,522.5806019998345,470.4242678076898,467.0830220002245,509.1719066001588,519.8294576293938,0.95,20,/root/gr00t-runtime/gr00t_p25_libero_10_eval/rollouts/videos/cka/09_kitchen_scene6_put_the_yellow_and_white_mug_in_the_microwave_and_close_it,0,410.4432542449995,20.522162712249973,3,19,0.95,9,KITCHEN_SCENE6_put_the_yellow_and_white_mug_in_the_microwave_and_close_it,6328,,,
p37,12.064737557908328,1.5281030682513563,libero_sim/LIVING_ROOM_SCENE2_put_both_the_alphabet_soup_and_the_tomato_sauce_in_the_basket,20,20,735,/root/gr00t-runtime/gr00t_p37_libero_10_eval/logs/success_rate/cka_task_00_living_room_scene2_put_both_the_alphabet_soup_and_the_tomato_sauce_in_the_basket.log,290.15,0.95,cka,189,188,0.9947089947089948,400.0,1191.1667630010925,461.7363183757266,456.2540689985326,497.4852457999077,506.5826152808586,0.9047619047619048,21,/root/gr00t-runtime/gr00t_p37_libero_10_eval/rollouts/videos/cka/00_living_room_scene2_put_both_the_alphabet_soup_and_the_tomato_sauce_in_the_basket,0,480.9884982700005,24.049424913500022,3,19,0.95,0,LIVING_ROOM_SCENE2_put_both_the_alphabet_soup_and_the_tomato_sauce_in_the_basket,5803,,,
p37,13.086563691737542,1.6522369180244874,libero_sim/LIVING_ROOM_SCENE2_put_both_the_cream_cheese_box_and_the_butter_in_the_basket,20,20,780,/root/gr00t-runtime/gr00t_p37_libero_10_eval/logs/success_rate/cka_task_01_living_room_scene2_put_both_the_cream_cheese_box_and_the_butter_in_the_basket.log,308.9,0.9,cka,183,183,1.0,400.0,512.364340998829,466.9543194699135,462.4904009997408,496.5157032000207,505.5045179592344,0.9,20,/root/gr00t-runtime/gr00t_p37_libero_10_eval/rollouts/videos/cka/01_living_room_scene2_put_both_the_cream_cheese_box_and_the_butter_in_the_basket,0,472.0872603019998,23.604363015099988,3,18,0.9,1,LIVING_ROOM_SCENE2_put_both_the_cream_cheese_box_and_the_butter_in_the_basket,6178,,,
p37,11.129257052487024,1.404680452689253,libero_sim/KITCHEN_SCENE3_turn_on_the_stove_and_put_the_moka_pot_on_it,20,20,805,/root/gr00t-runtime/gr00t_p37_libero_10_eval/logs/success_rate/cka_task_02_kitchen_scene3_turn_on_the_stove_and_put_the_moka_pot_on_it.log,318.9,0.9,cka,187,187,1.0,400.0,513.6940039992623,494.9169867433379,494.70456699964416,506.5311952006596,511.78039662096126,0.9,20,/root/gr00t-runtime/gr00t_p37_libero_10_eval/rollouts/videos/cka/02_kitchen_scene3_turn_on_the_stove_and_put_the_moka_pot_on_it,0,573.0840764950008,28.65420382475004,3,18,0.9,2,KITCHEN_SCENE3_turn_on_the_stove_and_put_the_moka_pot_on_it,6378,,,
p37,14.141496423896188,1.7954775559096054,libero_sim/KITCHEN_SCENE4_put_the_black_bowl_in_the_bottom_drawer_of_the_cabinet_and_close_it,20,20,638,/root/gr00t-runtime/gr00t_p37_libero_10_eval/logs/success_rate/cka_task_03_kitchen_scene4_put_the_black_bowl_in_the_bottom_drawer_of_the_cabinet_and_close_it.log,251.25,1.0,cka,140,140,1.0,400.0,513.9732569987245,467.2999821072543,463.2716590012933,499.6756095994897,503.35133449027126,1.0,20,/root/gr00t-runtime/gr00t_p37_libero_10_eval/rollouts/videos/cka/03_kitchen_scene4_put_the_black_bowl_in_the_bottom_drawer_of_the_cabinet_and_close_it,0,355.3372181680006,17.76686090840003,3,20,1.0,3,KITCHEN_SCENE4_put_the_black_bowl_in_the_bottom_drawer_of_the_cabinet_and_close_it,5025,,,
p37,17.765508524475166,2.2448167713018923,libero_sim/LIVING_ROOM_SCENE5_put_the_white_mug_on_the_left_plate_and_put_the_yellow_and_white_mug_on_the_right_plate,20,20,942,/root/gr00t-runtime/gr00t_p37_libero_10_eval/logs/success_rate/cka_task_04_living_room_scene5_put_the_white_mug_on_the_left_plate_and_put_the_yellow_and_white_mug_on.log,372.75,0.75,cka,212,212,1.0,400.0,532.9762600013055,483.3599024811932,480.74542450012814,512.5783621490881,523.7939209617616,0.75,20,/root/gr00t-runtime/gr00t_p37_libero_10_eval/rollouts/videos/cka/04_living_room_scene5_put_the_white_mug_on_the_left_plate_and_put_the_yellow_and_white_mug_on,0,419.6333580729988,20.981667903649942,3,15,0.75,4,LIVING_ROOM_SCENE5_put_the_white_mug_on_the_left_plate_and_put_the_yellow_and_white_mug_on_the_right_plate,7455,,,
p37,15.804734879601993,1.9895110134961644,libero_sim/STUDY_SCENE1_pick_up_the_book_and_place_it_in_the_back_compartment_of_the_caddy,20,20,804,/root/gr00t-runtime/gr00t_p37_libero_10_eval/logs/success_rate/cka_task_05_study_scene1_pick_up_the_book_and_place_it_in_the_back_compartment_of_the_caddy.log,319.35,0.75,cka,200,200,1.0,400.0,509.2750799994974,462.9991612100093,458.66353749988775,496.0430485496544,504.7499391318343,0.7142857142857143,21,/root/gr00t-runtime/gr00t_p37_libero_10_eval/rollouts/videos/cka/05_study_scene1_pick_up_the_book_and_place_it_in_the_back_compartment_of_the_caddy,0,404.11940147399946,20.205970073699973,3,15,0.75,5,STUDY_SCENE1_book_and_place_it_in_the_back_compartment_of_the_caddy,6387,,,
p37,15.510390532230437,1.9635143821786047,libero_sim/LIVING_ROOM_SCENE6_put_the_white_mug_on_the_plate_and_put_the_chocolate_pudding_to_the_right_of_the_plate,20,20,715,/root/gr00t-runtime/gr00t_p37_libero_10_eval/logs/success_rate/cka_task_06_living_room_scene6_put_the_white_mug_on_the_plate_and_put_the_chocolate_pudding_to_the_rig.log,282.4,0.95,cka,179,179,1.0,400.0,531.460223999602,482.53435530715154,478.43494699918665,514.0605539996614,520.4741829194973,0.95,20,/root/gr00t-runtime/gr00t_p37_libero_10_eval/rollouts/videos/cka/06_living_room_scene6_put_the_white_mug_on_the_plate_and_put_the_chocolate_pudding_to_the_rig,0,364.14299100100106,18.20714955005005,3,19,0.95,6,LIVING_ROOM_SCENE6_put_the_white_mug_on_the_plate_and_put_the_chocolate_pudding_to_the_right_of_the_plate,5648,,,
p37,15.319986363657522,1.9324739937672204,libero_sim/LIVING_ROOM_SCENE1_put_both_the_alphabet_soup_and_the_cream_cheese_box_in_the_basket,20,20,857,/root/gr00t-runtime/gr00t_p37_libero_10_eval/logs/success_rate/cka_task_07_living_room_scene1_put_both_the_alphabet_soup_and_the_cream_cheese_box_in_the_basket.log,339.7,0.9,cka,190,190,1.0,400.0,510.8031550007581,464.01273301568216,460.3690335006832,494.2513153488108,505.67457714940247,0.9,20,/root/gr00t-runtime/gr00t_p37_libero_10_eval/rollouts/videos/cka/07_living_room_scene1_put_both_the_alphabet_soup_and_the_cream_cheese_box_in_the_basket,0,443.4729795919993,22.173648979599967,3,18,0.9,7,LIVING_ROOM_SCENE1_put_both_the_alphabet_soup_and_the_cream_cheese_box_in_the_basket,6794,,,
p37,12.806255210626906,1.6063595386152218,libero_sim/KITCHEN_SCENE8_put_both_moka_pots_on_the_stove,20,20,1476,/root/gr00t-runtime/gr00t_p37_libero_10_eval/logs/success_rate/cka_task_08_kitchen_scene8_put_both_moka_pots_on_the_stove.log,588.35,0.5,cka,331,331,1.0,400.0,517.6644530001795,493.1583820331769,492.9583800003456,507.80487049996736,513.9271158015617,0.5,20,/root/gr00t-runtime/gr00t_p37_libero_10_eval/rollouts/videos/cka/08_kitchen_scene8_put_both_moka_pots_on_the_stove,0,918.8478447810012,45.94239223905006,3,10,0.5,8,KITCHEN_SCENE8_put_both_moka_pots_on_the_stove,11767,,,
p37,15.64034150979145,1.969071044611709,libero_sim/KITCHEN_SCENE6_put_the_yellow_and_white_mug_in_the_microwave_and_close_it,20,20,772,/root/gr00t-runtime/gr00t_p37_libero_10_eval/logs/success_rate/cka_task_09_kitchen_scene6_put_the_yellow_and_white_mug_in_the_microwave_and_close_it.log,306.6,0.95,cka,170,170,1.0,400.0,510.0011219983571,463.9237630588468,460.311257002104,495.4553907995432,506.2395157010542,0.95,20,/root/gr00t-runtime/gr00t_p37_libero_10_eval/rollouts/videos/cka/09_kitchen_scene6_put_the_yellow_and_white_mug_in_the_microwave_and_close_it,0,392.0630502960012,19.60315251480006,3,19,0.95,9,KITCHEN_SCENE6_put_the_yellow_and_white_mug_in_the_microwave_and_close_it,6132,,,
p50,6.251645389072916,0.7849988704517393,libero_sim/LIVING_ROOM_SCENE2_put_both_the_alphabet_soup_and_the_tomato_sauce_in_the_basket,20,20,1357,/tmp/gr00t_p50_libero_10_eval/logs/success_rate/cka_task_00_living_room_scene2_put_both_the_alphabet_soup_and_the_tomato_sauce_in_the_basket.log,540.35,0.55,cka,279,164,0.5878136200716846,400.0,3068.585582999731,413.8071160501734,404.2409260000568,425.0878161998117,433.6606522797045,0.55,20,/tmp/gr00t_p50_libero_10_eval/rollouts/videos/cka/00_living_room_scene2_put_both_the_alphabet_soup_and_the_tomato_sauce_in_the_basket,0,1728.6649077839998,86.43324538919998,3,11,0.55,0,LIVING_ROOM_SCENE2_put_both_the_alphabet_soup_and_the_tomato_sauce_in_the_basket,10807,,,
p50,5.975094883725982,0.7530233769352477,libero_sim/LIVING_ROOM_SCENE2_put_both_the_cream_cheese_box_and_the_butter_in_the_basket,20,20,905,/tmp/gr00t_p50_libero_10_eval/logs/success_rate/cka_task_01_living_room_scene2_put_both_the_cream_cheese_box_and_the_butter_in_the_basket.log,359.05,0.8,cka,190,119,0.6263157894736842,400.0,435.1068019996092,406.5261049000056,406.25643549992674,426.8007023003975,429.3295273594231,0.8,20,/tmp/gr00t_p50_libero_10_eval/rollouts/videos/cka/01_living_room_scene2_put_both_the_cream_cheese_box_and_the_butter_in_the_basket,0,1201.8219191059998,60.09109595529999,3,16,0.8,1,LIVING_ROOM_SCENE2_put_both_the_cream_cheese_box_and_the_butter_in_the_basket,7181,,,
p50,4.382753660817008,0.5509447625428434,libero_sim/KITCHEN_SCENE3_turn_on_the_stove_and_put_the_moka_pot_on_it,20,20,1155,/tmp/gr00t_p50_libero_10_eval/logs/success_rate/cka_task_02_kitchen_scene3_turn_on_the_stove_and_put_the_moka_pot_on_it.log,459.4,0.55,cka,254,157,0.6181102362204725,400.0,433.2778509997297,406.33504949209606,405.2801450002335,425.6950910999876,430.7073405702158,0.55,20,/tmp/gr00t_p50_libero_10_eval/rollouts/videos/cka/02_kitchen_scene3_turn_on_the_stove_and_put_the_moka_pot_on_it,0,2096.398910608,104.8199455304,3,11,0.55,2,KITCHEN_SCENE3_turn_on_the_stove_and_put_the_moka_pot_on_it,9188,,,
p50,5.55040356180886,0.7028660745313687,libero_sim/KITCHEN_SCENE4_put_the_black_bowl_in_the_bottom_drawer_of_the_cabinet_and_close_it,20,20,785,/tmp/gr00t_p50_libero_10_eval/logs/success_rate/cka_task_03_kitchen_scene4_put_the_black_bowl_in_the_bottom_drawer_of_the_cabinet_and_close_it.log,309.95,0.85,cka,188,118,0.6276595744680851,400.0,431.5775169998233,406.6294629095081,405.9351144996981,426.2291874990297,430.6864440896243,0.85,20,/tmp/gr00t_p50_libero_10_eval/rollouts/videos/cka/03_kitchen_scene4_put_the_black_bowl_in_the_bottom_drawer_of_the_cabinet_and_close_it,0,1116.8557260690004,55.84278630345002,3,17,0.85,3,KITCHEN_SCENE4_put_the_black_bowl_in_the_bottom_drawer_of_the_cabinet_and_close_it,6199,,,
p50,8.1568728051331,1.0249585712641014,libero_sim/LIVING_ROOM_SCENE5_put_the_white_mug_on_the_left_plate_and_put_the_yellow_and_white_mug_on_the_right_plate,20,20,958,/tmp/gr00t_p50_libero_10_eval/logs/success_rate/cka_task_04_living_room_scene5_put_the_white_mug_on_the_left_plate_and_put_the_yellow_and_white_mug_on.log,381.2,0.7,cka,208,202,0.971153846153846,400.0,450.6456440012698,425.72652587508543,425.1441260003048,446.3562934507536,450.39467899088777,0.7142857142857143,21,/tmp/gr00t_p50_libero_10_eval/rollouts/videos/cka/04_living_room_scene5_put_the_white_mug_on_the_left_plate_and_put_the_yellow_and_white_mug_on,0,934.6719241719984,46.73359620859992,3,14,0.7,4,LIVING_ROOM_SCENE5_put_the_white_mug_on_the_left_plate_and_put_the_yellow_and_white_mug_on_the_right_plate,7624,,,
p50,7.293542623874329,0.9202307311920446,libero_sim/STUDY_SCENE1_pick_up_the_book_and_place_it_in_the_back_compartment_of_the_caddy,20,20,741,/tmp/gr00t_p50_libero_10_eval/logs/success_rate/cka_task_05_study_scene1_pick_up_the_book_and_place_it_in_the_back_compartment_of_the_caddy.log,293.65,0.8,cka,158,95,0.6012658227848101,400.0,431.4328809996368,407.5591004810559,405.366949999916,427.2917049502212,430.70284233952407,0.8,20,/tmp/gr00t_p50_libero_10_eval/rollouts/videos/cka/05_study_scene1_pick_up_the_book_and_place_it_in_the_back_compartment_of_the_caddy,0,805.2328344220005,40.26164172110002,3,16,0.8,5,STUDY_SCENE1_book_and_place_it_in_the_back_compartment_of_the_caddy,5873,,,
p50,7.925724588031457,0.99423846570525,libero_sim/LIVING_ROOM_SCENE6_put_the_white_mug_on_the_plate_and_put_the_chocolate_pudding_to_the_right_of_the_plate,20,20,1270,/tmp/gr00t_p50_libero_10_eval/logs/success_rate/cka_task_06_living_room_scene6_put_the_white_mug_on_the_plate_and_put_the_chocolate_pudding_to_the_rig.log,506.2,0.45,cka,282,277,0.9822695035460992,400.0,446.8283740006882,419.5751022694783,418.9197999994576,439.3861745002141,443.835574890345,0.45,20,/tmp/gr00t_p50_libero_10_eval/rollouts/videos/cka/06_living_room_scene6_put_the_white_mug_on_the_plate_and_put_the_chocolate_pudding_to_the_rig,0,1277.3595508590006,63.86797754295003,3,9,0.45,6,LIVING_ROOM_SCENE6_put_the_white_mug_on_the_plate_and_put_the_chocolate_pudding_to_the_right_of_the_plate,10124,,,
p50,6.093402665213415,0.7695836312023762,libero_sim/LIVING_ROOM_SCENE1_put_both_the_alphabet_soup_and_the_cream_cheese_box_in_the_basket,20,20,815,/tmp/gr00t_p50_libero_10_eval/logs/success_rate/cka_task_07_living_room_scene1_put_both_the_alphabet_soup_and_the_cream_cheese_box_in_the_basket.log,322.65,0.85,cka,190,124,0.6526315789473685,400.0,430.6158979998145,406.8782027210162,405.793442499089,426.6238882502876,430.08968959051344,0.85,20,/tmp/gr00t_p50_libero_10_eval/rollouts/videos/cka/07_living_room_scene1_put_both_the_alphabet_soup_and_the_cream_cheese_box_in_the_basket,0,1059.0142084060008,52.95071042030004,3,17,0.85,7,LIVING_ROOM_SCENE1_put_both_the_alphabet_soup_and_the_cream_cheese_box_in_the_basket,6453,,,
p50,4.489338876112224,0.5626570645147491,libero_sim/KITCHEN_SCENE8_put_both_moka_pots_on_the_stove,20,20,1558,/tmp/gr00t_p50_libero_10_eval/logs/success_rate/cka_task_08_kitchen_scene8_put_both_moka_pots_on_the_stove.log,621.55,0.35,cka,355,205,0.5774647887323944,400.0,454.20422999995935,404.5530000985207,403.2221809993644,425.68920430021535,436.3999567403153,0.35,20,/tmp/gr00t_p50_libero_10_eval/rollouts/videos/cka/08_kitchen_scene8_put_both_moka_pots_on_the_stove,0,2769.0046002420004,138.4502300121,3,7,0.35,8,KITCHEN_SCENE8_put_both_moka_pots_on_the_stove,12431,,,
p50,7.283973891833023,0.9137625066960544,libero_sim/KITCHEN_SCENE6_put_the_yellow_and_white_mug_in_the_microwave_and_close_it,20,20,1399,/tmp/gr00t_p50_libero_10_eval/logs/success_rate/cka_task_09_kitchen_scene6_put_the_yellow_and_white_mug_in_the_microwave_and_close_it.log,557.6,0.45,cka,302,230,0.7615894039735099,400.0,449.1295990010258,410.6941120098721,410.4735034998157,429.0336229007153,436.65964454870846,0.45,20,/tmp/gr00t_p50_libero_10_eval/rollouts/videos/cka/09_kitchen_scene6_put_the_yellow_and_white_mug_in_the_microwave_and_close_it,0,1531.0323959980014,76.55161979990007,3,9,0.45,9,KITCHEN_SCENE6_put_the_yellow_and_white_mug_in_the_microwave_and_close_it,11152,,,
